platform,query_name,tpch_ref,category,scale_factor,run_number,exec_time_s,mean_time_s,std_time_s,min_time_s,max_time_s,memory_before_mb,memory_after_mb,memory_delta_mb,network_rtt_ms,timestamp
motherduck,Q6_simple,Q6,simple_select,1,1,0.207164,0.211037,0.002933,0.206993,0.21546,0,0,0,108.71,2026-04-25 09:44:46
motherduck,Q6_simple,Q6,simple_select,1,2,0.206993,0.211037,0.002933,0.206993,0.21546,0,0,0,108.71,2026-04-25 09:44:46
motherduck,Q6_simple,Q6,simple_select,1,3,0.20954,0.211037,0.002933,0.206993,0.21546,0,0,0,108.71,2026-04-25 09:44:46
motherduck,Q6_simple,Q6,simple_select,1,4,0.214915,0.211037,0.002933,0.206993,0.21546,0,0,0,108.71,2026-04-25 09:44:46
motherduck,Q6_simple,Q6,simple_select,1,5,0.211089,0.211037,0.002933,0.206993,0.21546,0,0,0,108.71,2026-04-25 09:44:46
motherduck,Q6_simple,Q6,simple_select,1,6,0.212799,0.211037,0.002933,0.206993,0.21546,0,0,0,108.71,2026-04-25 09:44:46
motherduck,Q6_simple,Q6,simple_select,1,7,0.21546,0.211037,0.002933,0.206993,0.21546,0,0,0,108.71,2026-04-25 09:44:46
motherduck,Q6_simple,Q6,simple_select,1,8,0.213715,0.211037,0.002933,0.206993,0.21546,0,0,0,108.71,2026-04-25 09:44:46
motherduck,Q6_simple,Q6,simple_select,1,9,0.208381,0.211037,0.002933,0.206993,0.21546,0,0,0,108.71,2026-04-25 09:44:46
motherduck,Q6_simple,Q6,simple_select,1,10,0.210316,0.211037,0.002933,0.206993,0.21546,0,0,0,108.71,2026-04-25 09:44:46
motherduck,Q14_simple,Q14,simple_select,1,1,0.225611,0.23039,0.002324,0.225611,0.234607,0,0,0,108.71,2026-04-25 09:45:34
motherduck,Q14_simple,Q14,simple_select,1,2,0.234607,0.23039,0.002324,0.225611,0.234607,0,0,0,108.71,2026-04-25 09:45:34
motherduck,Q14_simple,Q14,simple_select,1,3,0.23163,0.23039,0.002324,0.225611,0.234607,0,0,0,108.71,2026-04-25 09:45:34
motherduck,Q14_simple,Q14,simple_select,1,4,0.229331,0.23039,0.002324,0.225611,0.234607,0,0,0,108.71,2026-04-25 09:45:34
motherduck,Q14_simple,Q14,simple_select,1,5,0.229827,0.23039,0.002324,0.225611,0.234607,0,0,0,108.71,2026-04-25 09:45:34
motherduck,Q14_simple,Q14,simple_select,1,6,0.230395,0.23039,0.002324,0.225611,0.234607,0,0,0,108.71,2026-04-25 09:45:34
motherduck,Q14_simple,Q14,simple_select,1,7,0.23087,0.23039,0.002324,0.225611,0.234607,0,0,0,108.71,2026-04-25 09:45:34
motherduck,Q14_simple,Q14,simple_select,1,8,0.229896,0.23039,0.002324,0.225611,0.234607,0,0,0,108.71,2026-04-25 09:45:34
motherduck,Q14_simple,Q14,simple_select,1,9,0.228687,0.23039,0.002324,0.225611,0.234607,0,0,0,108.71,2026-04-25 09:45:34
motherduck,Q14_simple,Q14,simple_select,1,10,0.233042,0.23039,0.002324,0.225611,0.234607,0,0,0,108.71,2026-04-25 09:45:34
motherduck,Q19_simple,Q19,simple_select,1,1,0.236376,0.228357,0.005287,0.223526,0.239065,0,0,0,108.71,2026-04-25 09:46:21
motherduck,Q19_simple,Q19,simple_select,1,2,0.239065,0.228357,0.005287,0.223526,0.239065,0,0,0,108.71,2026-04-25 09:46:21
motherduck,Q19_simple,Q19,simple_select,1,3,0.225725,0.228357,0.005287,0.223526,0.239065,0,0,0,108.71,2026-04-25 09:46:21
motherduck,Q19_simple,Q19,simple_select,1,4,0.223526,0.228357,0.005287,0.223526,0.239065,0,0,0,108.71,2026-04-25 09:46:21
motherduck,Q19_simple,Q19,simple_select,1,5,0.228541,0.228357,0.005287,0.223526,0.239065,0,0,0,108.71,2026-04-25 09:46:21
motherduck,Q19_simple,Q19,simple_select,1,6,0.231853,0.228357,0.005287,0.223526,0.239065,0,0,0,108.71,2026-04-25 09:46:21
motherduck,Q19_simple,Q19,simple_select,1,7,0.223684,0.228357,0.005287,0.223526,0.239065,0,0,0,108.71,2026-04-25 09:46:21
motherduck,Q19_simple,Q19,simple_select,1,8,0.225325,0.228357,0.005287,0.223526,0.239065,0,0,0,108.71,2026-04-25 09:46:21
motherduck,Q19_simple,Q19,simple_select,1,9,0.224121,0.228357,0.005287,0.223526,0.239065,0,0,0,108.71,2026-04-25 09:46:21
motherduck,Q19_simple,Q19,simple_select,1,10,0.225356,0.228357,0.005287,0.223526,0.239065,0,0,0,108.71,2026-04-25 09:46:21
motherduck,Q3_join,Q3,join,1,1,0.214566,0.217319,0.00403,0.213209,0.226834,0,0,0,108.71,2026-04-25 09:47:09
motherduck,Q3_join,Q3,join,1,2,0.215906,0.217319,0.00403,0.213209,0.226834,0,0,0,108.71,2026-04-25 09:47:09
motherduck,Q3_join,Q3,join,1,3,0.214917,0.217319,0.00403,0.213209,0.226834,0,0,0,108.71,2026-04-25 09:47:09
motherduck,Q3_join,Q3,join,1,4,0.221982,0.217319,0.00403,0.213209,0.226834,0,0,0,108.71,2026-04-25 09:47:09
motherduck,Q3_join,Q3,join,1,5,0.217053,0.217319,0.00403,0.213209,0.226834,0,0,0,108.71,2026-04-25 09:47:09
motherduck,Q3_join,Q3,join,1,6,0.215991,0.217319,0.00403,0.213209,0.226834,0,0,0,108.71,2026-04-25 09:47:09
motherduck,Q3_join,Q3,join,1,7,0.213209,0.217319,0.00403,0.213209,0.226834,0,0,0,108.71,2026-04-25 09:47:09
motherduck,Q3_join,Q3,join,1,8,0.219038,0.217319,0.00403,0.213209,0.226834,0,0,0,108.71,2026-04-25 09:47:09
motherduck,Q3_join,Q3,join,1,9,0.226834,0.217319,0.00403,0.213209,0.226834,0,0,0,108.71,2026-04-25 09:47:09
motherduck,Q3_join,Q3,join,1,10,0.213697,0.217319,0.00403,0.213209,0.226834,0,0,0,108.71,2026-04-25 09:47:09
motherduck,Q5_join,Q5,join,1,1,0.216546,0.222626,0.006401,0.216546,0.230674,0,0,0,108.71,2026-04-25 09:47:56
motherduck,Q5_join,Q5,join,1,2,0.230189,0.222626,0.006401,0.216546,0.230674,0,0,0,108.71,2026-04-25 09:47:56
motherduck,Q5_join,Q5,join,1,3,0.218282,0.222626,0.006401,0.216546,0.230674,0,0,0,108.71,2026-04-25 09:47:56
motherduck,Q5_join,Q5,join,1,4,0.217407,0.222626,0.006401,0.216546,0.230674,0,0,0,108.71,2026-04-25 09:47:56
motherduck,Q5_join,Q5,join,1,5,0.216739,0.222626,0.006401,0.216546,0.230674,0,0,0,108.71,2026-04-25 09:47:56
motherduck,Q5_join,Q5,join,1,6,0.230547,0.222626,0.006401,0.216546,0.230674,0,0,0,108.71,2026-04-25 09:47:56
motherduck,Q5_join,Q5,join,1,7,0.230674,0.222626,0.006401,0.216546,0.230674,0,0,0,108.71,2026-04-25 09:47:56
motherduck,Q5_join,Q5,join,1,8,0.217359,0.222626,0.006401,0.216546,0.230674,0,0,0,108.71,2026-04-25 09:47:56
motherduck,Q5_join,Q5,join,1,9,0.218163,0.222626,0.006401,0.216546,0.230674,0,0,0,108.71,2026-04-25 09:47:56
motherduck,Q5_join,Q5,join,1,10,0.230353,0.222626,0.006401,0.216546,0.230674,0,0,0,108.71,2026-04-25 09:47:56
motherduck,Q10_join,Q10,join,1,1,0.265454,0.273479,0.004588,0.265454,0.284234,0,0,0,108.71,2026-04-25 09:48:44
motherduck,Q10_join,Q10,join,1,2,0.275564,0.273479,0.004588,0.265454,0.284234,0,0,0,108.71,2026-04-25 09:48:44
motherduck,Q10_join,Q10,join,1,3,0.284234,0.273479,0.004588,0.265454,0.284234,0,0,0,108.71,2026-04-25 09:48:44
motherduck,Q10_join,Q10,join,1,4,0.270209,0.273479,0.004588,0.265454,0.284234,0,0,0,108.71,2026-04-25 09:48:44
motherduck,Q10_join,Q10,join,1,5,0.271931,0.273479,0.004588,0.265454,0.284234,0,0,0,108.71,2026-04-25 09:48:44
motherduck,Q10_join,Q10,join,1,6,0.27541,0.273479,0.004588,0.265454,0.284234,0,0,0,108.71,2026-04-25 09:48:44
motherduck,Q10_join,Q10,join,1,7,0.274684,0.273479,0.004588,0.265454,0.284234,0,0,0,108.71,2026-04-25 09:48:44
motherduck,Q10_join,Q10,join,1,8,0.272307,0.273479,0.004588,0.265454,0.284234,0,0,0,108.71,2026-04-25 09:48:44
motherduck,Q10_join,Q10,join,1,9,0.274001,0.273479,0.004588,0.265454,0.284234,0,0,0,108.71,2026-04-25 09:48:44
motherduck,Q10_join,Q10,join,1,10,0.270998,0.273479,0.004588,0.265454,0.284234,0,0,0,108.71,2026-04-25 09:48:44
motherduck,Q1_agg,Q1,aggregation,1,1,0.21315,0.21904,0.003976,0.21315,0.227627,0,0,0,108.71,2026-04-25 09:49:31
motherduck,Q1_agg,Q1,aggregation,1,2,0.215536,0.21904,0.003976,0.21315,0.227627,0,0,0,108.71,2026-04-25 09:49:31
motherduck,Q1_agg,Q1,aggregation,1,3,0.218999,0.21904,0.003976,0.21315,0.227627,0,0,0,108.71,2026-04-25 09:49:31
motherduck,Q1_agg,Q1,aggregation,1,4,0.218288,0.21904,0.003976,0.21315,0.227627,0,0,0,108.71,2026-04-25 09:49:31
motherduck,Q1_agg,Q1,aggregation,1,5,0.224179,0.21904,0.003976,0.21315,0.227627,0,0,0,108.71,2026-04-25 09:49:31
motherduck,Q1_agg,Q1,aggregation,1,6,0.21956,0.21904,0.003976,0.21315,0.227627,0,0,0,108.71,2026-04-25 09:49:31
motherduck,Q1_agg,Q1,aggregation,1,7,0.215931,0.21904,0.003976,0.21315,0.227627,0,0,0,108.71,2026-04-25 09:49:31
motherduck,Q1_agg,Q1,aggregation,1,8,0.218506,0.21904,0.003976,0.21315,0.227627,0,0,0,108.71,2026-04-25 09:49:31
motherduck,Q1_agg,Q1,aggregation,1,9,0.227627,0.21904,0.003976,0.21315,0.227627,0,0,0,108.71,2026-04-25 09:49:31
motherduck,Q1_agg,Q1,aggregation,1,10,0.218628,0.21904,0.003976,0.21315,0.227627,0,0,0,108.71,2026-04-25 09:49:31
motherduck,Q4_agg,Q4,aggregation,1,1,0.21634,0.217017,0.003473,0.213837,0.2257,0,0,0,108.71,2026-04-25 09:50:19
motherduck,Q4_agg,Q4,aggregation,1,2,0.218731,0.217017,0.003473,0.213837,0.2257,0,0,0,108.71,2026-04-25 09:50:19
motherduck,Q4_agg,Q4,aggregation,1,3,0.216281,0.217017,0.003473,0.213837,0.2257,0,0,0,108.71,2026-04-25 09:50:19
motherduck,Q4_agg,Q4,aggregation,1,4,0.214474,0.217017,0.003473,0.213837,0.2257,0,0,0,108.71,2026-04-25 09:50:19
motherduck,Q4_agg,Q4,aggregation,1,5,0.215075,0.217017,0.003473,0.213837,0.2257,0,0,0,108.71,2026-04-25 09:50:19
motherduck,Q4_agg,Q4,aggregation,1,6,0.21398,0.217017,0.003473,0.213837,0.2257,0,0,0,108.71,2026-04-25 09:50:19
motherduck,Q4_agg,Q4,aggregation,1,7,0.2257,0.217017,0.003473,0.213837,0.2257,0,0,0,108.71,2026-04-25 09:50:19
motherduck,Q4_agg,Q4,aggregation,1,8,0.220143,0.217017,0.003473,0.213837,0.2257,0,0,0,108.71,2026-04-25 09:50:19
motherduck,Q4_agg,Q4,aggregation,1,9,0.213837,0.217017,0.003473,0.213837,0.2257,0,0,0,108.71,2026-04-25 09:50:19
motherduck,Q4_agg,Q4,aggregation,1,10,0.215612,0.217017,0.003473,0.213837,0.2257,0,0,0,108.71,2026-04-25 09:50:19
motherduck,Q7_agg,Q7,aggregation,1,1,0.219632,0.226823,0.00373,0.219632,0.231287,0,0,0,108.71,2026-04-25 09:51:06
motherduck,Q7_agg,Q7,aggregation,1,2,0.230442,0.226823,0.00373,0.219632,0.231287,0,0,0,108.71,2026-04-25 09:51:06
motherduck,Q7_agg,Q7,aggregation,1,3,0.224774,0.226823,0.00373,0.219632,0.231287,0,0,0,108.71,2026-04-25 09:51:06
motherduck,Q7_agg,Q7,aggregation,1,4,0.223909,0.226823,0.00373,0.219632,0.231287,0,0,0,108.71,2026-04-25 09:51:06
motherduck,Q7_agg,Q7,aggregation,1,5,0.223178,0.226823,0.00373,0.219632,0.231287,0,0,0,108.71,2026-04-25 09:51:06
motherduck,Q7_agg,Q7,aggregation,1,6,0.228715,0.226823,0.00373,0.219632,0.231287,0,0,0,108.71,2026-04-25 09:51:06
motherduck,Q7_agg,Q7,aggregation,1,7,0.231287,0.226823,0.00373,0.219632,0.231287,0,0,0,108.71,2026-04-25 09:51:06
motherduck,Q7_agg,Q7,aggregation,1,8,0.226061,0.226823,0.00373,0.219632,0.231287,0,0,0,108.71,2026-04-25 09:51:06
motherduck,Q7_agg,Q7,aggregation,1,9,0.228988,0.226823,0.00373,0.219632,0.231287,0,0,0,108.71,2026-04-25 09:51:06
motherduck,Q7_agg,Q7,aggregation,1,10,0.231247,0.226823,0.00373,0.219632,0.231287,0,0,0,108.71,2026-04-25 09:51:06
motherduck,Q17_subquery,Q17,subquery,1,1,0.215129,0.217263,0.002263,0.214353,0.222575,0,0,0,108.71,2026-04-25 09:51:54
motherduck,Q17_subquery,Q17,subquery,1,2,0.214353,0.217263,0.002263,0.214353,0.222575,0,0,0,108.71,2026-04-25 09:51:54
motherduck,Q17_subquery,Q17,subquery,1,3,0.21691,0.217263,0.002263,0.214353,0.222575,0,0,0,108.71,2026-04-25 09:51:54
motherduck,Q17_subquery,Q17,subquery,1,4,0.218542,0.217263,0.002263,0.214353,0.222575,0,0,0,108.71,2026-04-25 09:51:54
motherduck,Q17_subquery,Q17,subquery,1,5,0.215372,0.217263,0.002263,0.214353,0.222575,0,0,0,108.71,2026-04-25 09:51:54
motherduck,Q17_subquery,Q17,subquery,1,6,0.215712,0.217263,0.002263,0.214353,0.222575,0,0,0,108.71,2026-04-25 09:51:54
motherduck,Q17_subquery,Q17,subquery,1,7,0.218558,0.217263,0.002263,0.214353,0.222575,0,0,0,108.71,2026-04-25 09:51:54
motherduck,Q17_subquery,Q17,subquery,1,8,0.217946,0.217263,0.002263,0.214353,0.222575,0,0,0,108.71,2026-04-25 09:51:54
motherduck,Q17_subquery,Q17,subquery,1,9,0.222575,0.217263,0.002263,0.214353,0.222575,0,0,0,108.71,2026-04-25 09:51:54
motherduck,Q17_subquery,Q17,subquery,1,10,0.217533,0.217263,0.002263,0.214353,0.222575,0,0,0,108.71,2026-04-25 09:51:54
motherduck,Q20_subquery,Q20,subquery,1,1,0.220594,0.227677,0.003764,0.220594,0.234383,0,0,0,108.71,2026-04-25 09:52:41
motherduck,Q20_subquery,Q20,subquery,1,2,0.230272,0.227677,0.003764,0.220594,0.234383,0,0,0,108.71,2026-04-25 09:52:41
motherduck,Q20_subquery,Q20,subquery,1,3,0.228991,0.227677,0.003764,0.220594,0.234383,0,0,0,108.71,2026-04-25 09:52:41
motherduck,Q20_subquery,Q20,subquery,1,4,0.226529,0.227677,0.003764,0.220594,0.234383,0,0,0,108.71,2026-04-25 09:52:41
motherduck,Q20_subquery,Q20,subquery,1,5,0.229156,0.227677,0.003764,0.220594,0.234383,0,0,0,108.71,2026-04-25 09:52:41
motherduck,Q20_subquery,Q20,subquery,1,6,0.224378,0.227677,0.003764,0.220594,0.234383,0,0,0,108.71,2026-04-25 09:52:41
motherduck,Q20_subquery,Q20,subquery,1,7,0.234383,0.227677,0.003764,0.220594,0.234383,0,0,0,108.71,2026-04-25 09:52:41
motherduck,Q20_subquery,Q20,subquery,1,8,0.231301,0.227677,0.003764,0.220594,0.234383,0,0,0,108.71,2026-04-25 09:52:41
motherduck,Q20_subquery,Q20,subquery,1,9,0.224641,0.227677,0.003764,0.220594,0.234383,0,0,0,108.71,2026-04-25 09:52:41
motherduck,Q20_subquery,Q20,subquery,1,10,0.226527,0.227677,0.003764,0.220594,0.234383,0,0,0,108.71,2026-04-25 09:52:41
motherduck,Q22_subquery,Q22,subquery,1,1,0.233362,0.23387,0.001985,0.229415,0.236547,0,0,0,108.71,2026-04-25 09:53:29
motherduck,Q22_subquery,Q22,subquery,1,2,0.236547,0.23387,0.001985,0.229415,0.236547,0,0,0,108.71,2026-04-25 09:53:29
motherduck,Q22_subquery,Q22,subquery,1,3,0.232526,0.23387,0.001985,0.229415,0.236547,0,0,0,108.71,2026-04-25 09:53:29
motherduck,Q22_subquery,Q22,subquery,1,4,0.229415,0.23387,0.001985,0.229415,0.236547,0,0,0,108.71,2026-04-25 09:53:29
motherduck,Q22_subquery,Q22,subquery,1,5,0.235431,0.23387,0.001985,0.229415,0.236547,0,0,0,108.71,2026-04-25 09:53:29
motherduck,Q22_subquery,Q22,subquery,1,6,0.233732,0.23387,0.001985,0.229415,0.236547,0,0,0,108.71,2026-04-25 09:53:29
motherduck,Q22_subquery,Q22,subquery,1,7,0.236257,0.23387,0.001985,0.229415,0.236547,0,0,0,108.71,2026-04-25 09:53:29
motherduck,Q22_subquery,Q22,subquery,1,8,0.232891,0.23387,0.001985,0.229415,0.236547,0,0,0,108.71,2026-04-25 09:53:29
motherduck,Q22_subquery,Q22,subquery,1,9,0.234934,0.23387,0.001985,0.229415,0.236547,0,0,0,108.71,2026-04-25 09:53:29
motherduck,Q22_subquery,Q22,subquery,1,10,0.233604,0.23387,0.001985,0.229415,0.236547,0,0,0,108.71,2026-04-25 09:53:29
motherduck,Q10_window,Q10-W,window_function,1,1,0.251163,0.247726,0.003042,0.243473,0.251653,0,0,0,108.71,2026-04-25 09:54:17
motherduck,Q10_window,Q10-W,window_function,1,2,0.251653,0.247726,0.003042,0.243473,0.251653,0,0,0,108.71,2026-04-25 09:54:17
motherduck,Q10_window,Q10-W,window_function,1,3,0.243473,0.247726,0.003042,0.243473,0.251653,0,0,0,108.71,2026-04-25 09:54:17
motherduck,Q10_window,Q10-W,window_function,1,4,0.248505,0.247726,0.003042,0.243473,0.251653,0,0,0,108.71,2026-04-25 09:54:17
motherduck,Q10_window,Q10-W,window_function,1,5,0.248436,0.247726,0.003042,0.243473,0.251653,0,0,0,108.71,2026-04-25 09:54:17
motherduck,Q10_window,Q10-W,window_function,1,6,0.250048,0.247726,0.003042,0.243473,0.251653,0,0,0,108.71,2026-04-25 09:54:17
motherduck,Q10_window,Q10-W,window_function,1,7,0.250541,0.247726,0.003042,0.243473,0.251653,0,0,0,108.71,2026-04-25 09:54:17
motherduck,Q10_window,Q10-W,window_function,1,8,0.244359,0.247726,0.003042,0.243473,0.251653,0,0,0,108.71,2026-04-25 09:54:17
motherduck,Q10_window,Q10-W,window_function,1,9,0.245307,0.247726,0.003042,0.243473,0.251653,0,0,0,108.71,2026-04-25 09:54:17
motherduck,Q10_window,Q10-W,window_function,1,10,0.243777,0.247726,0.003042,0.243473,0.251653,0,0,0,108.71,2026-04-25 09:54:17
motherduck,Q1_window,Q1-W,window_function,1,1,0.211621,0.205933,0.003225,0.202364,0.211621,0,0,0,108.71,2026-04-25 09:55:04
motherduck,Q1_window,Q1-W,window_function,1,2,0.211312,0.205933,0.003225,0.202364,0.211621,0,0,0,108.71,2026-04-25 09:55:04
motherduck,Q1_window,Q1-W,window_function,1,3,0.208626,0.205933,0.003225,0.202364,0.211621,0,0,0,108.71,2026-04-25 09:55:04
motherduck,Q1_window,Q1-W,window_function,1,4,0.203744,0.205933,0.003225,0.202364,0.211621,0,0,0,108.71,2026-04-25 09:55:04
motherduck,Q1_window,Q1-W,window_function,1,5,0.203546,0.205933,0.003225,0.202364,0.211621,0,0,0,108.71,2026-04-25 09:55:04
motherduck,Q1_window,Q1-W,window_function,1,6,0.202364,0.205933,0.003225,0.202364,0.211621,0,0,0,108.71,2026-04-25 09:55:04
motherduck,Q1_window,Q1-W,window_function,1,7,0.203959,0.205933,0.003225,0.202364,0.211621,0,0,0,108.71,2026-04-25 09:55:04
motherduck,Q1_window,Q1-W,window_function,1,8,0.20353,0.205933,0.003225,0.202364,0.211621,0,0,0,108.71,2026-04-25 09:55:04
motherduck,Q1_window,Q1-W,window_function,1,9,0.20436,0.205933,0.003225,0.202364,0.211621,0,0,0,108.71,2026-04-25 09:55:04
motherduck,Q1_window,Q1-W,window_function,1,10,0.206266,0.205933,0.003225,0.202364,0.211621,0,0,0,108.71,2026-04-25 09:55:04
motherduck,Q18_window,Q18-W,window_function,1,1,0.30407,0.316694,0.005393,0.30407,0.323367,0,0,0,108.71,2026-04-25 09:55:52
motherduck,Q18_window,Q18-W,window_function,1,2,0.318587,0.316694,0.005393,0.30407,0.323367,0,0,0,108.71,2026-04-25 09:55:52
motherduck,Q18_window,Q18-W,window_function,1,3,0.318617,0.316694,0.005393,0.30407,0.323367,0,0,0,108.71,2026-04-25 09:55:52
motherduck,Q18_window,Q18-W,window_function,1,4,0.322253,0.316694,0.005393,0.30407,0.323367,0,0,0,108.71,2026-04-25 09:55:52
motherduck,Q18_window,Q18-W,window_function,1,5,0.31512,0.316694,0.005393,0.30407,0.323367,0,0,0,108.71,2026-04-25 09:55:52
motherduck,Q18_window,Q18-W,window_function,1,6,0.323367,0.316694,0.005393,0.30407,0.323367,0,0,0,108.71,2026-04-25 09:55:52
motherduck,Q18_window,Q18-W,window_function,1,7,0.318409,0.316694,0.005393,0.30407,0.323367,0,0,0,108.71,2026-04-25 09:55:52
motherduck,Q18_window,Q18-W,window_function,1,8,0.319636,0.316694,0.005393,0.30407,0.323367,0,0,0,108.71,2026-04-25 09:55:52
motherduck,Q18_window,Q18-W,window_function,1,9,0.316044,0.316694,0.005393,0.30407,0.323367,0,0,0,108.71,2026-04-25 09:55:52
motherduck,Q18_window,Q18-W,window_function,1,10,0.310838,0.316694,0.005393,0.30407,0.323367,0,0,0,108.71,2026-04-25 09:55:52
motherduck,Q6_simple,Q6,simple_select,5,1,0.214663,0.213626,0.002944,0.210613,0.220897,0,0,0,95.52,2026-04-25 09:59:07
motherduck,Q6_simple,Q6,simple_select,5,2,0.211597,0.213626,0.002944,0.210613,0.220897,0,0,0,95.52,2026-04-25 09:59:07
motherduck,Q6_simple,Q6,simple_select,5,3,0.21259,0.213626,0.002944,0.210613,0.220897,0,0,0,95.52,2026-04-25 09:59:07
motherduck,Q6_simple,Q6,simple_select,5,4,0.220897,0.213626,0.002944,0.210613,0.220897,0,0,0,95.52,2026-04-25 09:59:07
motherduck,Q6_simple,Q6,simple_select,5,5,0.210613,0.213626,0.002944,0.210613,0.220897,0,0,0,95.52,2026-04-25 09:59:07
motherduck,Q6_simple,Q6,simple_select,5,6,0.212003,0.213626,0.002944,0.210613,0.220897,0,0,0,95.52,2026-04-25 09:59:07
motherduck,Q6_simple,Q6,simple_select,5,7,0.210874,0.213626,0.002944,0.210613,0.220897,0,0,0,95.52,2026-04-25 09:59:07
motherduck,Q6_simple,Q6,simple_select,5,8,0.214638,0.213626,0.002944,0.210613,0.220897,0,0,0,95.52,2026-04-25 09:59:07
motherduck,Q6_simple,Q6,simple_select,5,9,0.216011,0.213626,0.002944,0.210613,0.220897,0,0,0,95.52,2026-04-25 09:59:07
motherduck,Q6_simple,Q6,simple_select,5,10,0.212377,0.213626,0.002944,0.210613,0.220897,0,0,0,95.52,2026-04-25 09:59:07
motherduck,Q14_simple,Q14,simple_select,5,1,0.266178,0.265562,0.002991,0.261863,0.272714,0,0,0,95.52,2026-04-25 09:59:54
motherduck,Q14_simple,Q14,simple_select,5,2,0.266067,0.265562,0.002991,0.261863,0.272714,0,0,0,95.52,2026-04-25 09:59:54
motherduck,Q14_simple,Q14,simple_select,5,3,0.261863,0.265562,0.002991,0.261863,0.272714,0,0,0,95.52,2026-04-25 09:59:54
motherduck,Q14_simple,Q14,simple_select,5,4,0.26212,0.265562,0.002991,0.261863,0.272714,0,0,0,95.52,2026-04-25 09:59:54
motherduck,Q14_simple,Q14,simple_select,5,5,0.266922,0.265562,0.002991,0.261863,0.272714,0,0,0,95.52,2026-04-25 09:59:54
motherduck,Q14_simple,Q14,simple_select,5,6,0.272714,0.265562,0.002991,0.261863,0.272714,0,0,0,95.52,2026-04-25 09:59:54
motherduck,Q14_simple,Q14,simple_select,5,7,0.264693,0.265562,0.002991,0.261863,0.272714,0,0,0,95.52,2026-04-25 09:59:54
motherduck,Q14_simple,Q14,simple_select,5,8,0.266441,0.265562,0.002991,0.261863,0.272714,0,0,0,95.52,2026-04-25 09:59:54
motherduck,Q14_simple,Q14,simple_select,5,9,0.265992,0.265562,0.002991,0.261863,0.272714,0,0,0,95.52,2026-04-25 09:59:54
motherduck,Q14_simple,Q14,simple_select,5,10,0.262635,0.265562,0.002991,0.261863,0.272714,0,0,0,95.52,2026-04-25 09:59:54
motherduck,Q19_simple,Q19,simple_select,5,1,0.293214,0.29919,0.005361,0.292803,0.311664,0,0,0,95.52,2026-04-25 10:00:43
motherduck,Q19_simple,Q19,simple_select,5,2,0.30302,0.29919,0.005361,0.292803,0.311664,0,0,0,95.52,2026-04-25 10:00:43
motherduck,Q19_simple,Q19,simple_select,5,3,0.297785,0.29919,0.005361,0.292803,0.311664,0,0,0,95.52,2026-04-25 10:00:43
motherduck,Q19_simple,Q19,simple_select,5,4,0.299965,0.29919,0.005361,0.292803,0.311664,0,0,0,95.52,2026-04-25 10:00:43
motherduck,Q19_simple,Q19,simple_select,5,5,0.295237,0.29919,0.005361,0.292803,0.311664,0,0,0,95.52,2026-04-25 10:00:43
motherduck,Q19_simple,Q19,simple_select,5,6,0.292803,0.29919,0.005361,0.292803,0.311664,0,0,0,95.52,2026-04-25 10:00:43
motherduck,Q19_simple,Q19,simple_select,5,7,0.311664,0.29919,0.005361,0.292803,0.311664,0,0,0,95.52,2026-04-25 10:00:43
motherduck,Q19_simple,Q19,simple_select,5,8,0.303214,0.29919,0.005361,0.292803,0.311664,0,0,0,95.52,2026-04-25 10:00:43
motherduck,Q19_simple,Q19,simple_select,5,9,0.296983,0.29919,0.005361,0.292803,0.311664,0,0,0,95.52,2026-04-25 10:00:43
motherduck,Q19_simple,Q19,simple_select,5,10,0.298015,0.29919,0.005361,0.292803,0.311664,0,0,0,95.52,2026-04-25 10:00:43
motherduck,Q3_join,Q3,join,5,1,0.279141,0.284318,0.004925,0.27516,0.29502,0,0,0,95.52,2026-04-25 10:01:31
motherduck,Q3_join,Q3,join,5,2,0.283467,0.284318,0.004925,0.27516,0.29502,0,0,0,95.52,2026-04-25 10:01:31
motherduck,Q3_join,Q3,join,5,3,0.282318,0.284318,0.004925,0.27516,0.29502,0,0,0,95.52,2026-04-25 10:01:31
motherduck,Q3_join,Q3,join,5,4,0.286124,0.284318,0.004925,0.27516,0.29502,0,0,0,95.52,2026-04-25 10:01:31
motherduck,Q3_join,Q3,join,5,5,0.27516,0.284318,0.004925,0.27516,0.29502,0,0,0,95.52,2026-04-25 10:01:31
motherduck,Q3_join,Q3,join,5,6,0.284039,0.284318,0.004925,0.27516,0.29502,0,0,0,95.52,2026-04-25 10:01:31
motherduck,Q3_join,Q3,join,5,7,0.286748,0.284318,0.004925,0.27516,0.29502,0,0,0,95.52,2026-04-25 10:01:31
motherduck,Q3_join,Q3,join,5,8,0.29502,0.284318,0.004925,0.27516,0.29502,0,0,0,95.52,2026-04-25 10:01:31
motherduck,Q3_join,Q3,join,5,9,0.285883,0.284318,0.004925,0.27516,0.29502,0,0,0,95.52,2026-04-25 10:01:31
motherduck,Q3_join,Q3,join,5,10,0.285282,0.284318,0.004925,0.27516,0.29502,0,0,0,95.52,2026-04-25 10:01:31
motherduck,Q5_join,Q5,join,5,1,0.268071,0.270141,0.004636,0.263183,0.277988,0,0,0,95.52,2026-04-25 10:02:19
motherduck,Q5_join,Q5,join,5,2,0.264138,0.270141,0.004636,0.263183,0.277988,0,0,0,95.52,2026-04-25 10:02:19
motherduck,Q5_join,Q5,join,5,3,0.277988,0.270141,0.004636,0.263183,0.277988,0,0,0,95.52,2026-04-25 10:02:19
motherduck,Q5_join,Q5,join,5,4,0.268668,0.270141,0.004636,0.263183,0.277988,0,0,0,95.52,2026-04-25 10:02:19
motherduck,Q5_join,Q5,join,5,5,0.274193,0.270141,0.004636,0.263183,0.277988,0,0,0,95.52,2026-04-25 10:02:19
motherduck,Q5_join,Q5,join,5,6,0.26634,0.270141,0.004636,0.263183,0.277988,0,0,0,95.52,2026-04-25 10:02:19
motherduck,Q5_join,Q5,join,5,7,0.273567,0.270141,0.004636,0.263183,0.277988,0,0,0,95.52,2026-04-25 10:02:19
motherduck,Q5_join,Q5,join,5,8,0.274563,0.270141,0.004636,0.263183,0.277988,0,0,0,95.52,2026-04-25 10:02:19
motherduck,Q5_join,Q5,join,5,9,0.270698,0.270141,0.004636,0.263183,0.277988,0,0,0,95.52,2026-04-25 10:02:19
motherduck,Q5_join,Q5,join,5,10,0.263183,0.270141,0.004636,0.263183,0.277988,0,0,0,95.52,2026-04-25 10:02:19
motherduck,Q10_join,Q10,join,5,1,0.339171,0.341607,0.003078,0.338207,0.347774,0,0,0,95.52,2026-04-25 10:03:08
motherduck,Q10_join,Q10,join,5,2,0.342635,0.341607,0.003078,0.338207,0.347774,0,0,0,95.52,2026-04-25 10:03:08
motherduck,Q10_join,Q10,join,5,3,0.346501,0.341607,0.003078,0.338207,0.347774,0,0,0,95.52,2026-04-25 10:03:08
motherduck,Q10_join,Q10,join,5,4,0.340308,0.341607,0.003078,0.338207,0.347774,0,0,0,95.52,2026-04-25 10:03:08
motherduck,Q10_join,Q10,join,5,5,0.347774,0.341607,0.003078,0.338207,0.347774,0,0,0,95.52,2026-04-25 10:03:08
motherduck,Q10_join,Q10,join,5,6,0.339075,0.341607,0.003078,0.338207,0.347774,0,0,0,95.52,2026-04-25 10:03:08
motherduck,Q10_join,Q10,join,5,7,0.338207,0.341607,0.003078,0.338207,0.347774,0,0,0,95.52,2026-04-25 10:03:08
motherduck,Q10_join,Q10,join,5,8,0.341388,0.341607,0.003078,0.338207,0.347774,0,0,0,95.52,2026-04-25 10:03:08
motherduck,Q10_join,Q10,join,5,9,0.341851,0.341607,0.003078,0.338207,0.347774,0,0,0,95.52,2026-04-25 10:03:08
motherduck,Q10_join,Q10,join,5,10,0.339158,0.341607,0.003078,0.338207,0.347774,0,0,0,95.52,2026-04-25 10:03:08
motherduck,Q1_agg,Q1,aggregation,5,1,0.277605,0.280142,0.002434,0.277454,0.285693,0,0,0,95.52,2026-04-25 10:03:56
motherduck,Q1_agg,Q1,aggregation,5,2,0.277454,0.280142,0.002434,0.277454,0.285693,0,0,0,95.52,2026-04-25 10:03:56
motherduck,Q1_agg,Q1,aggregation,5,3,0.280379,0.280142,0.002434,0.277454,0.285693,0,0,0,95.52,2026-04-25 10:03:56
motherduck,Q1_agg,Q1,aggregation,5,4,0.285693,0.280142,0.002434,0.277454,0.285693,0,0,0,95.52,2026-04-25 10:03:56
motherduck,Q1_agg,Q1,aggregation,5,5,0.281434,0.280142,0.002434,0.277454,0.285693,0,0,0,95.52,2026-04-25 10:03:56
motherduck,Q1_agg,Q1,aggregation,5,6,0.278034,0.280142,0.002434,0.277454,0.285693,0,0,0,95.52,2026-04-25 10:03:56
motherduck,Q1_agg,Q1,aggregation,5,7,0.281422,0.280142,0.002434,0.277454,0.285693,0,0,0,95.52,2026-04-25 10:03:56
motherduck,Q1_agg,Q1,aggregation,5,8,0.281211,0.280142,0.002434,0.277454,0.285693,0,0,0,95.52,2026-04-25 10:03:56
motherduck,Q1_agg,Q1,aggregation,5,9,0.280441,0.280142,0.002434,0.277454,0.285693,0,0,0,95.52,2026-04-25 10:03:56
motherduck,Q1_agg,Q1,aggregation,5,10,0.27775,0.280142,0.002434,0.277454,0.285693,0,0,0,95.52,2026-04-25 10:03:56
motherduck,Q4_agg,Q4,aggregation,5,1,0.266272,0.273182,0.006682,0.263212,0.288729,0,0,0,95.52,2026-04-25 10:04:44
motherduck,Q4_agg,Q4,aggregation,5,2,0.267243,0.273182,0.006682,0.263212,0.288729,0,0,0,95.52,2026-04-25 10:04:44
motherduck,Q4_agg,Q4,aggregation,5,3,0.271666,0.273182,0.006682,0.263212,0.288729,0,0,0,95.52,2026-04-25 10:04:44
motherduck,Q4_agg,Q4,aggregation,5,4,0.275641,0.273182,0.006682,0.263212,0.288729,0,0,0,95.52,2026-04-25 10:04:44
motherduck,Q4_agg,Q4,aggregation,5,5,0.273477,0.273182,0.006682,0.263212,0.288729,0,0,0,95.52,2026-04-25 10:04:44
motherduck,Q4_agg,Q4,aggregation,5,6,0.288729,0.273182,0.006682,0.263212,0.288729,0,0,0,95.52,2026-04-25 10:04:44
motherduck,Q4_agg,Q4,aggregation,5,7,0.276275,0.273182,0.006682,0.263212,0.288729,0,0,0,95.52,2026-04-25 10:04:44
motherduck,Q4_agg,Q4,aggregation,5,8,0.274784,0.273182,0.006682,0.263212,0.288729,0,0,0,95.52,2026-04-25 10:04:44
motherduck,Q4_agg,Q4,aggregation,5,9,0.263212,0.273182,0.006682,0.263212,0.288729,0,0,0,95.52,2026-04-25 10:04:44
motherduck,Q4_agg,Q4,aggregation,5,10,0.274519,0.273182,0.006682,0.263212,0.288729,0,0,0,95.52,2026-04-25 10:04:44
motherduck,Q7_agg,Q7,aggregation,5,1,0.294404,0.296993,0.006876,0.288273,0.309213,0,0,0,95.52,2026-04-25 10:05:32
motherduck,Q7_agg,Q7,aggregation,5,2,0.296912,0.296993,0.006876,0.288273,0.309213,0,0,0,95.52,2026-04-25 10:05:32
motherduck,Q7_agg,Q7,aggregation,5,3,0.288273,0.296993,0.006876,0.288273,0.309213,0,0,0,95.52,2026-04-25 10:05:32
motherduck,Q7_agg,Q7,aggregation,5,4,0.300687,0.296993,0.006876,0.288273,0.309213,0,0,0,95.52,2026-04-25 10:05:32
motherduck,Q7_agg,Q7,aggregation,5,5,0.307558,0.296993,0.006876,0.288273,0.309213,0,0,0,95.52,2026-04-25 10:05:32
motherduck,Q7_agg,Q7,aggregation,5,6,0.291007,0.296993,0.006876,0.288273,0.309213,0,0,0,95.52,2026-04-25 10:05:32
motherduck,Q7_agg,Q7,aggregation,5,7,0.299834,0.296993,0.006876,0.288273,0.309213,0,0,0,95.52,2026-04-25 10:05:32
motherduck,Q7_agg,Q7,aggregation,5,8,0.309213,0.296993,0.006876,0.288273,0.309213,0,0,0,95.52,2026-04-25 10:05:32
motherduck,Q7_agg,Q7,aggregation,5,9,0.291307,0.296993,0.006876,0.288273,0.309213,0,0,0,95.52,2026-04-25 10:05:32
motherduck,Q7_agg,Q7,aggregation,5,10,0.290732,0.296993,0.006876,0.288273,0.309213,0,0,0,95.52,2026-04-25 10:05:32
motherduck,Q17_subquery,Q17,subquery,5,1,0.231163,0.245522,0.008189,0.231163,0.258568,0,0,0,95.52,2026-04-25 10:06:20
motherduck,Q17_subquery,Q17,subquery,5,2,0.231939,0.245522,0.008189,0.231163,0.258568,0,0,0,95.52,2026-04-25 10:06:20
motherduck,Q17_subquery,Q17,subquery,5,3,0.250595,0.245522,0.008189,0.231163,0.258568,0,0,0,95.52,2026-04-25 10:06:20
motherduck,Q17_subquery,Q17,subquery,5,4,0.258568,0.245522,0.008189,0.231163,0.258568,0,0,0,95.52,2026-04-25 10:06:20
motherduck,Q17_subquery,Q17,subquery,5,5,0.246377,0.245522,0.008189,0.231163,0.258568,0,0,0,95.52,2026-04-25 10:06:20
motherduck,Q17_subquery,Q17,subquery,5,6,0.24568,0.245522,0.008189,0.231163,0.258568,0,0,0,95.52,2026-04-25 10:06:20
motherduck,Q17_subquery,Q17,subquery,5,7,0.249206,0.245522,0.008189,0.231163,0.258568,0,0,0,95.52,2026-04-25 10:06:20
motherduck,Q17_subquery,Q17,subquery,5,8,0.253606,0.245522,0.008189,0.231163,0.258568,0,0,0,95.52,2026-04-25 10:06:20
motherduck,Q17_subquery,Q17,subquery,5,9,0.244076,0.245522,0.008189,0.231163,0.258568,0,0,0,95.52,2026-04-25 10:06:20
motherduck,Q17_subquery,Q17,subquery,5,10,0.244011,0.245522,0.008189,0.231163,0.258568,0,0,0,95.52,2026-04-25 10:06:20
motherduck,Q20_subquery,Q20,subquery,5,1,0.256006,0.434407,0.059523,0.256006,0.458978,0,0,0,95.52,2026-04-25 10:07:10
motherduck,Q20_subquery,Q20,subquery,5,2,0.455797,0.434407,0.059523,0.256006,0.458978,0,0,0,95.52,2026-04-25 10:07:10
motherduck,Q20_subquery,Q20,subquery,5,3,0.454761,0.434407,0.059523,0.256006,0.458978,0,0,0,95.52,2026-04-25 10:07:10
motherduck,Q20_subquery,Q20,subquery,5,4,0.452944,0.434407,0.059523,0.256006,0.458978,0,0,0,95.52,2026-04-25 10:07:10
motherduck,Q20_subquery,Q20,subquery,5,5,0.451768,0.434407,0.059523,0.256006,0.458978,0,0,0,95.52,2026-04-25 10:07:10
motherduck,Q20_subquery,Q20,subquery,5,6,0.449161,0.434407,0.059523,0.256006,0.458978,0,0,0,95.52,2026-04-25 10:07:10
motherduck,Q20_subquery,Q20,subquery,5,7,0.455722,0.434407,0.059523,0.256006,0.458978,0,0,0,95.52,2026-04-25 10:07:10
motherduck,Q20_subquery,Q20,subquery,5,8,0.452707,0.434407,0.059523,0.256006,0.458978,0,0,0,95.52,2026-04-25 10:07:10
motherduck,Q20_subquery,Q20,subquery,5,9,0.456222,0.434407,0.059523,0.256006,0.458978,0,0,0,95.52,2026-04-25 10:07:10
motherduck,Q20_subquery,Q20,subquery,5,10,0.458978,0.434407,0.059523,0.256006,0.458978,0,0,0,95.52,2026-04-25 10:07:10
motherduck,Q22_subquery,Q22,subquery,5,1,0.254935,0.264188,0.007213,0.253029,0.273199,0,0,0,95.52,2026-04-25 10:07:57
motherduck,Q22_subquery,Q22,subquery,5,2,0.258668,0.264188,0.007213,0.253029,0.273199,0,0,0,95.52,2026-04-25 10:07:57
motherduck,Q22_subquery,Q22,subquery,5,3,0.253029,0.264188,0.007213,0.253029,0.273199,0,0,0,95.52,2026-04-25 10:07:57
motherduck,Q22_subquery,Q22,subquery,5,4,0.259691,0.264188,0.007213,0.253029,0.273199,0,0,0,95.52,2026-04-25 10:07:57
motherduck,Q22_subquery,Q22,subquery,5,5,0.260898,0.264188,0.007213,0.253029,0.273199,0,0,0,95.52,2026-04-25 10:07:57
motherduck,Q22_subquery,Q22,subquery,5,6,0.270742,0.264188,0.007213,0.253029,0.273199,0,0,0,95.52,2026-04-25 10:07:57
motherduck,Q22_subquery,Q22,subquery,5,7,0.267513,0.264188,0.007213,0.253029,0.273199,0,0,0,95.52,2026-04-25 10:07:57
motherduck,Q22_subquery,Q22,subquery,5,8,0.272927,0.264188,0.007213,0.253029,0.273199,0,0,0,95.52,2026-04-25 10:07:57
motherduck,Q22_subquery,Q22,subquery,5,9,0.273199,0.264188,0.007213,0.253029,0.273199,0,0,0,95.52,2026-04-25 10:07:57
motherduck,Q22_subquery,Q22,subquery,5,10,0.270273,0.264188,0.007213,0.253029,0.273199,0,0,0,95.52,2026-04-25 10:07:57
motherduck,Q10_window,Q10-W,window_function,5,1,0.353244,0.351753,0.003377,0.347171,0.359371,0,0,0,95.52,2026-04-25 10:08:46
motherduck,Q10_window,Q10-W,window_function,5,2,0.348858,0.351753,0.003377,0.347171,0.359371,0,0,0,95.52,2026-04-25 10:08:46
motherduck,Q10_window,Q10-W,window_function,5,3,0.347171,0.351753,0.003377,0.347171,0.359371,0,0,0,95.52,2026-04-25 10:08:46
motherduck,Q10_window,Q10-W,window_function,5,4,0.35076,0.351753,0.003377,0.347171,0.359371,0,0,0,95.52,2026-04-25 10:08:46
motherduck,Q10_window,Q10-W,window_function,5,5,0.350115,0.351753,0.003377,0.347171,0.359371,0,0,0,95.52,2026-04-25 10:08:46
motherduck,Q10_window,Q10-W,window_function,5,6,0.351601,0.351753,0.003377,0.347171,0.359371,0,0,0,95.52,2026-04-25 10:08:46
motherduck,Q10_window,Q10-W,window_function,5,7,0.348462,0.351753,0.003377,0.347171,0.359371,0,0,0,95.52,2026-04-25 10:08:46
motherduck,Q10_window,Q10-W,window_function,5,8,0.353846,0.351753,0.003377,0.347171,0.359371,0,0,0,95.52,2026-04-25 10:08:46
motherduck,Q10_window,Q10-W,window_function,5,9,0.354103,0.351753,0.003377,0.347171,0.359371,0,0,0,95.52,2026-04-25 10:08:46
motherduck,Q10_window,Q10-W,window_function,5,10,0.359371,0.351753,0.003377,0.347171,0.359371,0,0,0,95.52,2026-04-25 10:08:46
motherduck,Q1_window,Q1-W,window_function,5,1,0.262601,0.265567,0.002001,0.262601,0.268463,0,0,0,95.52,2026-04-25 10:09:34
motherduck,Q1_window,Q1-W,window_function,5,2,0.267686,0.265567,0.002001,0.262601,0.268463,0,0,0,95.52,2026-04-25 10:09:34
motherduck,Q1_window,Q1-W,window_function,5,3,0.265656,0.265567,0.002001,0.262601,0.268463,0,0,0,95.52,2026-04-25 10:09:34
motherduck,Q1_window,Q1-W,window_function,5,4,0.267709,0.265567,0.002001,0.262601,0.268463,0,0,0,95.52,2026-04-25 10:09:34
motherduck,Q1_window,Q1-W,window_function,5,5,0.262675,0.265567,0.002001,0.262601,0.268463,0,0,0,95.52,2026-04-25 10:09:34
motherduck,Q1_window,Q1-W,window_function,5,6,0.265613,0.265567,0.002001,0.262601,0.268463,0,0,0,95.52,2026-04-25 10:09:34
motherduck,Q1_window,Q1-W,window_function,5,7,0.265078,0.265567,0.002001,0.262601,0.268463,0,0,0,95.52,2026-04-25 10:09:34
motherduck,Q1_window,Q1-W,window_function,5,8,0.263554,0.265567,0.002001,0.262601,0.268463,0,0,0,95.52,2026-04-25 10:09:34
motherduck,Q1_window,Q1-W,window_function,5,9,0.266629,0.265567,0.002001,0.262601,0.268463,0,0,0,95.52,2026-04-25 10:09:34
motherduck,Q1_window,Q1-W,window_function,5,10,0.268463,0.265567,0.002001,0.262601,0.268463,0,0,0,95.52,2026-04-25 10:09:34
motherduck,Q18_window,Q18-W,window_function,5,1,0.630226,0.664263,0.012766,0.630226,0.67803,0,0,0,95.52,2026-04-25 10:10:27
motherduck,Q18_window,Q18-W,window_function,5,2,0.660861,0.664263,0.012766,0.630226,0.67803,0,0,0,95.52,2026-04-25 10:10:27
motherduck,Q18_window,Q18-W,window_function,5,3,0.667177,0.664263,0.012766,0.630226,0.67803,0,0,0,95.52,2026-04-25 10:10:27
motherduck,Q18_window,Q18-W,window_function,5,4,0.661633,0.664263,0.012766,0.630226,0.67803,0,0,0,95.52,2026-04-25 10:10:27
motherduck,Q18_window,Q18-W,window_function,5,5,0.663939,0.664263,0.012766,0.630226,0.67803,0,0,0,95.52,2026-04-25 10:10:27
motherduck,Q18_window,Q18-W,window_function,5,6,0.677754,0.664263,0.012766,0.630226,0.67803,0,0,0,95.52,2026-04-25 10:10:27
motherduck,Q18_window,Q18-W,window_function,5,7,0.672631,0.664263,0.012766,0.630226,0.67803,0,0,0,95.52,2026-04-25 10:10:27
motherduck,Q18_window,Q18-W,window_function,5,8,0.67803,0.664263,0.012766,0.630226,0.67803,0,0,0,95.52,2026-04-25 10:10:27
motherduck,Q18_window,Q18-W,window_function,5,9,0.665842,0.664263,0.012766,0.630226,0.67803,0,0,0,95.52,2026-04-25 10:10:27
motherduck,Q18_window,Q18-W,window_function,5,10,0.664539,0.664263,0.012766,0.630226,0.67803,0,0,0,95.52,2026-04-25 10:10:27
motherduck,Q6_simple,Q6,simple_select,10,1,0.230278,0.232919,0.002819,0.229723,0.237785,0,0,0,114.99,2026-04-25 10:15:33
motherduck,Q6_simple,Q6,simple_select,10,2,0.237351,0.232919,0.002819,0.229723,0.237785,0,0,0,114.99,2026-04-25 10:15:33
motherduck,Q6_simple,Q6,simple_select,10,3,0.229938,0.232919,0.002819,0.229723,0.237785,0,0,0,114.99,2026-04-25 10:15:33
motherduck,Q6_simple,Q6,simple_select,10,4,0.230853,0.232919,0.002819,0.229723,0.237785,0,0,0,114.99,2026-04-25 10:15:33
motherduck,Q6_simple,Q6,simple_select,10,5,0.231554,0.232919,0.002819,0.229723,0.237785,0,0,0,114.99,2026-04-25 10:15:33
motherduck,Q6_simple,Q6,simple_select,10,6,0.237785,0.232919,0.002819,0.229723,0.237785,0,0,0,114.99,2026-04-25 10:15:33
motherduck,Q6_simple,Q6,simple_select,10,7,0.233716,0.232919,0.002819,0.229723,0.237785,0,0,0,114.99,2026-04-25 10:15:33
motherduck,Q6_simple,Q6,simple_select,10,8,0.233292,0.232919,0.002819,0.229723,0.237785,0,0,0,114.99,2026-04-25 10:15:33
motherduck,Q6_simple,Q6,simple_select,10,9,0.229723,0.232919,0.002819,0.229723,0.237785,0,0,0,114.99,2026-04-25 10:15:33
motherduck,Q6_simple,Q6,simple_select,10,10,0.2347,0.232919,0.002819,0.229723,0.237785,0,0,0,114.99,2026-04-25 10:15:33
motherduck,Q14_simple,Q14,simple_select,10,1,0.268471,0.276219,0.004289,0.268471,0.283529,0,0,0,114.99,2026-04-25 10:16:21
motherduck,Q14_simple,Q14,simple_select,10,2,0.274467,0.276219,0.004289,0.268471,0.283529,0,0,0,114.99,2026-04-25 10:16:21
motherduck,Q14_simple,Q14,simple_select,10,3,0.277021,0.276219,0.004289,0.268471,0.283529,0,0,0,114.99,2026-04-25 10:16:21
motherduck,Q14_simple,Q14,simple_select,10,4,0.283529,0.276219,0.004289,0.268471,0.283529,0,0,0,114.99,2026-04-25 10:16:21
motherduck,Q14_simple,Q14,simple_select,10,5,0.273338,0.276219,0.004289,0.268471,0.283529,0,0,0,114.99,2026-04-25 10:16:21
motherduck,Q14_simple,Q14,simple_select,10,6,0.27826,0.276219,0.004289,0.268471,0.283529,0,0,0,114.99,2026-04-25 10:16:21
motherduck,Q14_simple,Q14,simple_select,10,7,0.280769,0.276219,0.004289,0.268471,0.283529,0,0,0,114.99,2026-04-25 10:16:21
motherduck,Q14_simple,Q14,simple_select,10,8,0.279801,0.276219,0.004289,0.268471,0.283529,0,0,0,114.99,2026-04-25 10:16:21
motherduck,Q14_simple,Q14,simple_select,10,9,0.271976,0.276219,0.004289,0.268471,0.283529,0,0,0,114.99,2026-04-25 10:16:21
motherduck,Q14_simple,Q14,simple_select,10,10,0.274555,0.276219,0.004289,0.268471,0.283529,0,0,0,114.99,2026-04-25 10:16:21
motherduck,Q19_simple,Q19,simple_select,10,1,0.329945,0.334941,0.00577,0.328461,0.344179,0,0,0,114.99,2026-04-25 10:17:10
motherduck,Q19_simple,Q19,simple_select,10,2,0.344179,0.334941,0.00577,0.328461,0.344179,0,0,0,114.99,2026-04-25 10:17:10
motherduck,Q19_simple,Q19,simple_select,10,3,0.340083,0.334941,0.00577,0.328461,0.344179,0,0,0,114.99,2026-04-25 10:17:10
motherduck,Q19_simple,Q19,simple_select,10,4,0.328894,0.334941,0.00577,0.328461,0.344179,0,0,0,114.99,2026-04-25 10:17:10
motherduck,Q19_simple,Q19,simple_select,10,5,0.333638,0.334941,0.00577,0.328461,0.344179,0,0,0,114.99,2026-04-25 10:17:10
motherduck,Q19_simple,Q19,simple_select,10,6,0.340743,0.334941,0.00577,0.328461,0.344179,0,0,0,114.99,2026-04-25 10:17:10
motherduck,Q19_simple,Q19,simple_select,10,7,0.341722,0.334941,0.00577,0.328461,0.344179,0,0,0,114.99,2026-04-25 10:17:10
motherduck,Q19_simple,Q19,simple_select,10,8,0.328461,0.334941,0.00577,0.328461,0.344179,0,0,0,114.99,2026-04-25 10:17:10
motherduck,Q19_simple,Q19,simple_select,10,9,0.332121,0.334941,0.00577,0.328461,0.344179,0,0,0,114.99,2026-04-25 10:17:10
motherduck,Q19_simple,Q19,simple_select,10,10,0.329621,0.334941,0.00577,0.328461,0.344179,0,0,0,114.99,2026-04-25 10:17:10
motherduck,Q3_join,Q3,join,10,1,0.313714,0.321293,0.011316,0.30643,0.338389,0,0,0,114.99,2026-04-25 10:17:58
motherduck,Q3_join,Q3,join,10,2,0.332564,0.321293,0.011316,0.30643,0.338389,0,0,0,114.99,2026-04-25 10:17:58
motherduck,Q3_join,Q3,join,10,3,0.338389,0.321293,0.011316,0.30643,0.338389,0,0,0,114.99,2026-04-25 10:17:58
motherduck,Q3_join,Q3,join,10,4,0.338166,0.321293,0.011316,0.30643,0.338389,0,0,0,114.99,2026-04-25 10:17:58
motherduck,Q3_join,Q3,join,10,5,0.30643,0.321293,0.011316,0.30643,0.338389,0,0,0,114.99,2026-04-25 10:17:58
motherduck,Q3_join,Q3,join,10,6,0.308553,0.321293,0.011316,0.30643,0.338389,0,0,0,114.99,2026-04-25 10:17:58
motherduck,Q3_join,Q3,join,10,7,0.323398,0.321293,0.011316,0.30643,0.338389,0,0,0,114.99,2026-04-25 10:17:58
motherduck,Q3_join,Q3,join,10,8,0.323876,0.321293,0.011316,0.30643,0.338389,0,0,0,114.99,2026-04-25 10:17:58
motherduck,Q3_join,Q3,join,10,9,0.316748,0.321293,0.011316,0.30643,0.338389,0,0,0,114.99,2026-04-25 10:17:58
motherduck,Q3_join,Q3,join,10,10,0.311094,0.321293,0.011316,0.30643,0.338389,0,0,0,114.99,2026-04-25 10:17:58
motherduck,Q5_join,Q5,join,10,1,0.329696,0.334345,0.007303,0.32772,0.350543,0,0,0,114.99,2026-04-25 10:18:47
motherduck,Q5_join,Q5,join,10,2,0.332271,0.334345,0.007303,0.32772,0.350543,0,0,0,114.99,2026-04-25 10:18:47
motherduck,Q5_join,Q5,join,10,3,0.327833,0.334345,0.007303,0.32772,0.350543,0,0,0,114.99,2026-04-25 10:18:47
motherduck,Q5_join,Q5,join,10,4,0.329465,0.334345,0.007303,0.32772,0.350543,0,0,0,114.99,2026-04-25 10:18:47
motherduck,Q5_join,Q5,join,10,5,0.33546,0.334345,0.007303,0.32772,0.350543,0,0,0,114.99,2026-04-25 10:18:47
motherduck,Q5_join,Q5,join,10,6,0.350543,0.334345,0.007303,0.32772,0.350543,0,0,0,114.99,2026-04-25 10:18:47
motherduck,Q5_join,Q5,join,10,7,0.331913,0.334345,0.007303,0.32772,0.350543,0,0,0,114.99,2026-04-25 10:18:47
motherduck,Q5_join,Q5,join,10,8,0.332983,0.334345,0.007303,0.32772,0.350543,0,0,0,114.99,2026-04-25 10:18:47
motherduck,Q5_join,Q5,join,10,9,0.345567,0.334345,0.007303,0.32772,0.350543,0,0,0,114.99,2026-04-25 10:18:47
motherduck,Q5_join,Q5,join,10,10,0.32772,0.334345,0.007303,0.32772,0.350543,0,0,0,114.99,2026-04-25 10:18:47
motherduck,Q10_join,Q10,join,10,1,0.426738,0.451013,0.014089,0.426738,0.481616,0,0,0,114.99,2026-04-25 10:19:37
motherduck,Q10_join,Q10,join,10,2,0.459289,0.451013,0.014089,0.426738,0.481616,0,0,0,114.99,2026-04-25 10:19:37
motherduck,Q10_join,Q10,join,10,3,0.44803,0.451013,0.014089,0.426738,0.481616,0,0,0,114.99,2026-04-25 10:19:37
motherduck,Q10_join,Q10,join,10,4,0.45129,0.451013,0.014089,0.426738,0.481616,0,0,0,114.99,2026-04-25 10:19:37
motherduck,Q10_join,Q10,join,10,5,0.445195,0.451013,0.014089,0.426738,0.481616,0,0,0,114.99,2026-04-25 10:19:37
motherduck,Q10_join,Q10,join,10,6,0.481616,0.451013,0.014089,0.426738,0.481616,0,0,0,114.99,2026-04-25 10:19:37
motherduck,Q10_join,Q10,join,10,7,0.450242,0.451013,0.014089,0.426738,0.481616,0,0,0,114.99,2026-04-25 10:19:37
motherduck,Q10_join,Q10,join,10,8,0.434233,0.451013,0.014089,0.426738,0.481616,0,0,0,114.99,2026-04-25 10:19:37
motherduck,Q10_join,Q10,join,10,9,0.456865,0.451013,0.014089,0.426738,0.481616,0,0,0,114.99,2026-04-25 10:19:37
motherduck,Q10_join,Q10,join,10,10,0.456633,0.451013,0.014089,0.426738,0.481616,0,0,0,114.99,2026-04-25 10:19:37
motherduck,Q1_agg,Q1,aggregation,10,1,0.366482,0.363965,0.005759,0.355911,0.373849,0,0,0,114.99,2026-04-25 10:20:26
motherduck,Q1_agg,Q1,aggregation,10,2,0.364877,0.363965,0.005759,0.355911,0.373849,0,0,0,114.99,2026-04-25 10:20:26
motherduck,Q1_agg,Q1,aggregation,10,3,0.36701,0.363965,0.005759,0.355911,0.373849,0,0,0,114.99,2026-04-25 10:20:26
motherduck,Q1_agg,Q1,aggregation,10,4,0.373849,0.363965,0.005759,0.355911,0.373849,0,0,0,114.99,2026-04-25 10:20:26
motherduck,Q1_agg,Q1,aggregation,10,5,0.356727,0.363965,0.005759,0.355911,0.373849,0,0,0,114.99,2026-04-25 10:20:26
motherduck,Q1_agg,Q1,aggregation,10,6,0.366701,0.363965,0.005759,0.355911,0.373849,0,0,0,114.99,2026-04-25 10:20:26
motherduck,Q1_agg,Q1,aggregation,10,7,0.359385,0.363965,0.005759,0.355911,0.373849,0,0,0,114.99,2026-04-25 10:20:26
motherduck,Q1_agg,Q1,aggregation,10,8,0.370333,0.363965,0.005759,0.355911,0.373849,0,0,0,114.99,2026-04-25 10:20:26
motherduck,Q1_agg,Q1,aggregation,10,9,0.358377,0.363965,0.005759,0.355911,0.373849,0,0,0,114.99,2026-04-25 10:20:26
motherduck,Q1_agg,Q1,aggregation,10,10,0.355911,0.363965,0.005759,0.355911,0.373849,0,0,0,114.99,2026-04-25 10:20:26
motherduck,Q4_agg,Q4,aggregation,10,1,0.293047,0.318228,0.011401,0.293047,0.328986,0,0,0,114.99,2026-04-25 10:21:15
motherduck,Q4_agg,Q4,aggregation,10,2,0.300269,0.318228,0.011401,0.293047,0.328986,0,0,0,114.99,2026-04-25 10:21:15
motherduck,Q4_agg,Q4,aggregation,10,3,0.316529,0.318228,0.011401,0.293047,0.328986,0,0,0,114.99,2026-04-25 10:21:15
motherduck,Q4_agg,Q4,aggregation,10,4,0.328986,0.318228,0.011401,0.293047,0.328986,0,0,0,114.99,2026-04-25 10:21:15
motherduck,Q4_agg,Q4,aggregation,10,5,0.324824,0.318228,0.011401,0.293047,0.328986,0,0,0,114.99,2026-04-25 10:21:15
motherduck,Q4_agg,Q4,aggregation,10,6,0.325426,0.318228,0.011401,0.293047,0.328986,0,0,0,114.99,2026-04-25 10:21:15
motherduck,Q4_agg,Q4,aggregation,10,7,0.324885,0.318228,0.011401,0.293047,0.328986,0,0,0,114.99,2026-04-25 10:21:15
motherduck,Q4_agg,Q4,aggregation,10,8,0.323498,0.318228,0.011401,0.293047,0.328986,0,0,0,114.99,2026-04-25 10:21:15
motherduck,Q4_agg,Q4,aggregation,10,9,0.319073,0.318228,0.011401,0.293047,0.328986,0,0,0,114.99,2026-04-25 10:21:15
motherduck,Q4_agg,Q4,aggregation,10,10,0.325744,0.318228,0.011401,0.293047,0.328986,0,0,0,114.99,2026-04-25 10:21:15
motherduck,Q7_agg,Q7,aggregation,10,1,0.305534,0.309175,0.004159,0.303193,0.314606,0,0,0,114.99,2026-04-25 10:22:03
motherduck,Q7_agg,Q7,aggregation,10,2,0.303193,0.309175,0.004159,0.303193,0.314606,0,0,0,114.99,2026-04-25 10:22:03
motherduck,Q7_agg,Q7,aggregation,10,3,0.30919,0.309175,0.004159,0.303193,0.314606,0,0,0,114.99,2026-04-25 10:22:03
motherduck,Q7_agg,Q7,aggregation,10,4,0.313333,0.309175,0.004159,0.303193,0.314606,0,0,0,114.99,2026-04-25 10:22:03
motherduck,Q7_agg,Q7,aggregation,10,5,0.30932,0.309175,0.004159,0.303193,0.314606,0,0,0,114.99,2026-04-25 10:22:03
motherduck,Q7_agg,Q7,aggregation,10,6,0.314606,0.309175,0.004159,0.303193,0.314606,0,0,0,114.99,2026-04-25 10:22:03
motherduck,Q7_agg,Q7,aggregation,10,7,0.305252,0.309175,0.004159,0.303193,0.314606,0,0,0,114.99,2026-04-25 10:22:03
motherduck,Q7_agg,Q7,aggregation,10,8,0.313952,0.309175,0.004159,0.303193,0.314606,0,0,0,114.99,2026-04-25 10:22:03
motherduck,Q7_agg,Q7,aggregation,10,9,0.304301,0.309175,0.004159,0.303193,0.314606,0,0,0,114.99,2026-04-25 10:22:03
motherduck,Q7_agg,Q7,aggregation,10,10,0.313065,0.309175,0.004159,0.303193,0.314606,0,0,0,114.99,2026-04-25 10:22:03
motherduck,Q17_subquery,Q17,subquery,10,1,0.297222,0.304617,0.004374,0.297222,0.311501,0,0,0,114.99,2026-04-25 10:22:51
motherduck,Q17_subquery,Q17,subquery,10,2,0.306323,0.304617,0.004374,0.297222,0.311501,0,0,0,114.99,2026-04-25 10:22:51
motherduck,Q17_subquery,Q17,subquery,10,3,0.304714,0.304617,0.004374,0.297222,0.311501,0,0,0,114.99,2026-04-25 10:22:51
motherduck,Q17_subquery,Q17,subquery,10,4,0.305117,0.304617,0.004374,0.297222,0.311501,0,0,0,114.99,2026-04-25 10:22:51
motherduck,Q17_subquery,Q17,subquery,10,5,0.300812,0.304617,0.004374,0.297222,0.311501,0,0,0,114.99,2026-04-25 10:22:51
motherduck,Q17_subquery,Q17,subquery,10,6,0.309352,0.304617,0.004374,0.297222,0.311501,0,0,0,114.99,2026-04-25 10:22:51
motherduck,Q17_subquery,Q17,subquery,10,7,0.311501,0.304617,0.004374,0.297222,0.311501,0,0,0,114.99,2026-04-25 10:22:51
motherduck,Q17_subquery,Q17,subquery,10,8,0.299037,0.304617,0.004374,0.297222,0.311501,0,0,0,114.99,2026-04-25 10:22:51
motherduck,Q17_subquery,Q17,subquery,10,9,0.308688,0.304617,0.004374,0.297222,0.311501,0,0,0,114.99,2026-04-25 10:22:51
motherduck,Q17_subquery,Q17,subquery,10,10,0.303409,0.304617,0.004374,0.297222,0.311501,0,0,0,114.99,2026-04-25 10:22:51
motherduck,Q20_subquery,Q20,subquery,10,1,0.501242,0.683411,0.060932,0.501242,0.713047,0,0,0,114.99,2026-04-25 10:23:44
motherduck,Q20_subquery,Q20,subquery,10,2,0.713047,0.683411,0.060932,0.501242,0.713047,0,0,0,114.99,2026-04-25 10:23:44
motherduck,Q20_subquery,Q20,subquery,10,3,0.696954,0.683411,0.060932,0.501242,0.713047,0,0,0,114.99,2026-04-25 10:23:44
motherduck,Q20_subquery,Q20,subquery,10,4,0.699633,0.683411,0.060932,0.501242,0.713047,0,0,0,114.99,2026-04-25 10:23:44
motherduck,Q20_subquery,Q20,subquery,10,5,0.698227,0.683411,0.060932,0.501242,0.713047,0,0,0,114.99,2026-04-25 10:23:44
motherduck,Q20_subquery,Q20,subquery,10,6,0.709367,0.683411,0.060932,0.501242,0.713047,0,0,0,114.99,2026-04-25 10:23:44
motherduck,Q20_subquery,Q20,subquery,10,7,0.705141,0.683411,0.060932,0.501242,0.713047,0,0,0,114.99,2026-04-25 10:23:44
motherduck,Q20_subquery,Q20,subquery,10,8,0.698554,0.683411,0.060932,0.501242,0.713047,0,0,0,114.99,2026-04-25 10:23:44
motherduck,Q20_subquery,Q20,subquery,10,9,0.707394,0.683411,0.060932,0.501242,0.713047,0,0,0,114.99,2026-04-25 10:23:44
motherduck,Q20_subquery,Q20,subquery,10,10,0.704552,0.683411,0.060932,0.501242,0.713047,0,0,0,114.99,2026-04-25 10:23:44
motherduck,Q22_subquery,Q22,subquery,10,1,0.301148,0.310154,0.007013,0.301148,0.32556,0,0,0,114.99,2026-04-25 10:24:32
motherduck,Q22_subquery,Q22,subquery,10,2,0.307109,0.310154,0.007013,0.301148,0.32556,0,0,0,114.99,2026-04-25 10:24:32
motherduck,Q22_subquery,Q22,subquery,10,3,0.311963,0.310154,0.007013,0.301148,0.32556,0,0,0,114.99,2026-04-25 10:24:32
motherduck,Q22_subquery,Q22,subquery,10,4,0.312485,0.310154,0.007013,0.301148,0.32556,0,0,0,114.99,2026-04-25 10:24:32
motherduck,Q22_subquery,Q22,subquery,10,5,0.301279,0.310154,0.007013,0.301148,0.32556,0,0,0,114.99,2026-04-25 10:24:32
motherduck,Q22_subquery,Q22,subquery,10,6,0.32556,0.310154,0.007013,0.301148,0.32556,0,0,0,114.99,2026-04-25 10:24:32
motherduck,Q22_subquery,Q22,subquery,10,7,0.313606,0.310154,0.007013,0.301148,0.32556,0,0,0,114.99,2026-04-25 10:24:32
motherduck,Q22_subquery,Q22,subquery,10,8,0.315926,0.310154,0.007013,0.301148,0.32556,0,0,0,114.99,2026-04-25 10:24:32
motherduck,Q22_subquery,Q22,subquery,10,9,0.306814,0.310154,0.007013,0.301148,0.32556,0,0,0,114.99,2026-04-25 10:24:32
motherduck,Q22_subquery,Q22,subquery,10,10,0.30565,0.310154,0.007013,0.301148,0.32556,0,0,0,114.99,2026-04-25 10:24:32
motherduck,Q10_window,Q10-W,window_function,10,1,0.384797,0.394099,0.004099,0.384797,0.399129,0,0,0,114.99,2026-04-25 10:25:22
motherduck,Q10_window,Q10-W,window_function,10,2,0.399129,0.394099,0.004099,0.384797,0.399129,0,0,0,114.99,2026-04-25 10:25:22
motherduck,Q10_window,Q10-W,window_function,10,3,0.390765,0.394099,0.004099,0.384797,0.399129,0,0,0,114.99,2026-04-25 10:25:22
motherduck,Q10_window,Q10-W,window_function,10,4,0.39273,0.394099,0.004099,0.384797,0.399129,0,0,0,114.99,2026-04-25 10:25:22
motherduck,Q10_window,Q10-W,window_function,10,5,0.392176,0.394099,0.004099,0.384797,0.399129,0,0,0,114.99,2026-04-25 10:25:22
motherduck,Q10_window,Q10-W,window_function,10,6,0.393401,0.394099,0.004099,0.384797,0.399129,0,0,0,114.99,2026-04-25 10:25:22
motherduck,Q10_window,Q10-W,window_function,10,7,0.398878,0.394099,0.004099,0.384797,0.399129,0,0,0,114.99,2026-04-25 10:25:22
motherduck,Q10_window,Q10-W,window_function,10,8,0.396774,0.394099,0.004099,0.384797,0.399129,0,0,0,114.99,2026-04-25 10:25:22
motherduck,Q10_window,Q10-W,window_function,10,9,0.395683,0.394099,0.004099,0.384797,0.399129,0,0,0,114.99,2026-04-25 10:25:22
motherduck,Q10_window,Q10-W,window_function,10,10,0.396656,0.394099,0.004099,0.384797,0.399129,0,0,0,114.99,2026-04-25 10:25:22
motherduck,Q1_window,Q1-W,window_function,10,1,0.316346,0.305043,0.007148,0.29721,0.316346,0,0,0,114.99,2026-04-25 10:26:10
motherduck,Q1_window,Q1-W,window_function,10,2,0.309903,0.305043,0.007148,0.29721,0.316346,0,0,0,114.99,2026-04-25 10:26:10
motherduck,Q1_window,Q1-W,window_function,10,3,0.311876,0.305043,0.007148,0.29721,0.316346,0,0,0,114.99,2026-04-25 10:26:10
motherduck,Q1_window,Q1-W,window_function,10,4,0.308626,0.305043,0.007148,0.29721,0.316346,0,0,0,114.99,2026-04-25 10:26:10
motherduck,Q1_window,Q1-W,window_function,10,5,0.312458,0.305043,0.007148,0.29721,0.316346,0,0,0,114.99,2026-04-25 10:26:10
motherduck,Q1_window,Q1-W,window_function,10,6,0.297245,0.305043,0.007148,0.29721,0.316346,0,0,0,114.99,2026-04-25 10:26:10
motherduck,Q1_window,Q1-W,window_function,10,7,0.29721,0.305043,0.007148,0.29721,0.316346,0,0,0,114.99,2026-04-25 10:26:10
motherduck,Q1_window,Q1-W,window_function,10,8,0.297266,0.305043,0.007148,0.29721,0.316346,0,0,0,114.99,2026-04-25 10:26:10
motherduck,Q1_window,Q1-W,window_function,10,9,0.301523,0.305043,0.007148,0.29721,0.316346,0,0,0,114.99,2026-04-25 10:26:10
motherduck,Q1_window,Q1-W,window_function,10,10,0.297974,0.305043,0.007148,0.29721,0.316346,0,0,0,114.99,2026-04-25 10:26:10
motherduck,Q18_window,Q18-W,window_function,10,1,0.961947,1.009485,0.016659,0.961947,1.02784,0,0,0,114.99,2026-04-25 10:27:06
motherduck,Q18_window,Q18-W,window_function,10,2,1.017415,1.009485,0.016659,0.961947,1.02784,0,0,0,114.99,2026-04-25 10:27:06
motherduck,Q18_window,Q18-W,window_function,10,3,1.010534,1.009485,0.016659,0.961947,1.02784,0,0,0,114.99,2026-04-25 10:27:06
motherduck,Q18_window,Q18-W,window_function,10,4,1.014187,1.009485,0.016659,0.961947,1.02784,0,0,0,114.99,2026-04-25 10:27:06
motherduck,Q18_window,Q18-W,window_function,10,5,1.013848,1.009485,0.016659,0.961947,1.02784,0,0,0,114.99,2026-04-25 10:27:06
motherduck,Q18_window,Q18-W,window_function,10,6,1.014657,1.009485,0.016659,0.961947,1.02784,0,0,0,114.99,2026-04-25 10:27:06
motherduck,Q18_window,Q18-W,window_function,10,7,1.007118,1.009485,0.016659,0.961947,1.02784,0,0,0,114.99,2026-04-25 10:27:06
motherduck,Q18_window,Q18-W,window_function,10,8,1.015449,1.009485,0.016659,0.961947,1.02784,0,0,0,114.99,2026-04-25 10:27:06
motherduck,Q18_window,Q18-W,window_function,10,9,1.02784,1.009485,0.016659,0.961947,1.02784,0,0,0,114.99,2026-04-25 10:27:06
motherduck,Q18_window,Q18-W,window_function,10,10,1.011852,1.009485,0.016659,0.961947,1.02784,0,0,0,114.99,2026-04-25 10:27:06
motherduck,Q6_simple,Q6,simple_select,20,1,0.261901,0.26011,0.003667,0.254612,0.265322,0,0,0,79.34,2026-04-25 10:35:23
motherduck,Q6_simple,Q6,simple_select,20,2,0.265133,0.26011,0.003667,0.254612,0.265322,0,0,0,79.34,2026-04-25 10:35:23
motherduck,Q6_simple,Q6,simple_select,20,3,0.255075,0.26011,0.003667,0.254612,0.265322,0,0,0,79.34,2026-04-25 10:35:23
motherduck,Q6_simple,Q6,simple_select,20,4,0.25666,0.26011,0.003667,0.254612,0.265322,0,0,0,79.34,2026-04-25 10:35:23
motherduck,Q6_simple,Q6,simple_select,20,5,0.265322,0.26011,0.003667,0.254612,0.265322,0,0,0,79.34,2026-04-25 10:35:23
motherduck,Q6_simple,Q6,simple_select,20,6,0.254612,0.26011,0.003667,0.254612,0.265322,0,0,0,79.34,2026-04-25 10:35:23
motherduck,Q6_simple,Q6,simple_select,20,7,0.259019,0.26011,0.003667,0.254612,0.265322,0,0,0,79.34,2026-04-25 10:35:23
motherduck,Q6_simple,Q6,simple_select,20,8,0.25896,0.26011,0.003667,0.254612,0.265322,0,0,0,79.34,2026-04-25 10:35:23
motherduck,Q6_simple,Q6,simple_select,20,9,0.26237,0.26011,0.003667,0.254612,0.265322,0,0,0,79.34,2026-04-25 10:35:23
motherduck,Q6_simple,Q6,simple_select,20,10,0.262044,0.26011,0.003667,0.254612,0.265322,0,0,0,79.34,2026-04-25 10:35:23
motherduck,Q14_simple,Q14,simple_select,20,1,0.322688,0.321383,0.004744,0.312697,0.328755,0,0,0,79.34,2026-04-25 10:36:11
motherduck,Q14_simple,Q14,simple_select,20,2,0.324825,0.321383,0.004744,0.312697,0.328755,0,0,0,79.34,2026-04-25 10:36:11
motherduck,Q14_simple,Q14,simple_select,20,3,0.320926,0.321383,0.004744,0.312697,0.328755,0,0,0,79.34,2026-04-25 10:36:11
motherduck,Q14_simple,Q14,simple_select,20,4,0.322804,0.321383,0.004744,0.312697,0.328755,0,0,0,79.34,2026-04-25 10:36:11
motherduck,Q14_simple,Q14,simple_select,20,5,0.323705,0.321383,0.004744,0.312697,0.328755,0,0,0,79.34,2026-04-25 10:36:11
motherduck,Q14_simple,Q14,simple_select,20,6,0.313397,0.321383,0.004744,0.312697,0.328755,0,0,0,79.34,2026-04-25 10:36:11
motherduck,Q14_simple,Q14,simple_select,20,7,0.324195,0.321383,0.004744,0.312697,0.328755,0,0,0,79.34,2026-04-25 10:36:11
motherduck,Q14_simple,Q14,simple_select,20,8,0.312697,0.321383,0.004744,0.312697,0.328755,0,0,0,79.34,2026-04-25 10:36:11
motherduck,Q14_simple,Q14,simple_select,20,9,0.328755,0.321383,0.004744,0.312697,0.328755,0,0,0,79.34,2026-04-25 10:36:11
motherduck,Q14_simple,Q14,simple_select,20,10,0.319837,0.321383,0.004744,0.312697,0.328755,0,0,0,79.34,2026-04-25 10:36:11
motherduck,Q19_simple,Q19,simple_select,20,1,0.417791,0.420966,0.006116,0.412102,0.433828,0,0,0,79.34,2026-04-25 10:37:01
motherduck,Q19_simple,Q19,simple_select,20,2,0.419688,0.420966,0.006116,0.412102,0.433828,0,0,0,79.34,2026-04-25 10:37:01
motherduck,Q19_simple,Q19,simple_select,20,3,0.412102,0.420966,0.006116,0.412102,0.433828,0,0,0,79.34,2026-04-25 10:37:01
motherduck,Q19_simple,Q19,simple_select,20,4,0.420451,0.420966,0.006116,0.412102,0.433828,0,0,0,79.34,2026-04-25 10:37:01
motherduck,Q19_simple,Q19,simple_select,20,5,0.433828,0.420966,0.006116,0.412102,0.433828,0,0,0,79.34,2026-04-25 10:37:01
motherduck,Q19_simple,Q19,simple_select,20,6,0.422747,0.420966,0.006116,0.412102,0.433828,0,0,0,79.34,2026-04-25 10:37:01
motherduck,Q19_simple,Q19,simple_select,20,7,0.429897,0.420966,0.006116,0.412102,0.433828,0,0,0,79.34,2026-04-25 10:37:01
motherduck,Q19_simple,Q19,simple_select,20,8,0.417153,0.420966,0.006116,0.412102,0.433828,0,0,0,79.34,2026-04-25 10:37:01
motherduck,Q19_simple,Q19,simple_select,20,9,0.416781,0.420966,0.006116,0.412102,0.433828,0,0,0,79.34,2026-04-25 10:37:01
motherduck,Q19_simple,Q19,simple_select,20,10,0.419219,0.420966,0.006116,0.412102,0.433828,0,0,0,79.34,2026-04-25 10:37:01
motherduck,Q3_join,Q3,join,20,1,0.378763,0.391131,0.008056,0.378421,0.402894,0,0,0,79.34,2026-04-25 10:37:50
motherduck,Q3_join,Q3,join,20,2,0.397441,0.391131,0.008056,0.378421,0.402894,0,0,0,79.34,2026-04-25 10:37:50
motherduck,Q3_join,Q3,join,20,3,0.401384,0.391131,0.008056,0.378421,0.402894,0,0,0,79.34,2026-04-25 10:37:50
motherduck,Q3_join,Q3,join,20,4,0.378421,0.391131,0.008056,0.378421,0.402894,0,0,0,79.34,2026-04-25 10:37:50
motherduck,Q3_join,Q3,join,20,5,0.389217,0.391131,0.008056,0.378421,0.402894,0,0,0,79.34,2026-04-25 10:37:50
motherduck,Q3_join,Q3,join,20,6,0.394013,0.391131,0.008056,0.378421,0.402894,0,0,0,79.34,2026-04-25 10:37:50
motherduck,Q3_join,Q3,join,20,7,0.402894,0.391131,0.008056,0.378421,0.402894,0,0,0,79.34,2026-04-25 10:37:50
motherduck,Q3_join,Q3,join,20,8,0.39435,0.391131,0.008056,0.378421,0.402894,0,0,0,79.34,2026-04-25 10:37:50
motherduck,Q3_join,Q3,join,20,9,0.38817,0.391131,0.008056,0.378421,0.402894,0,0,0,79.34,2026-04-25 10:37:50
motherduck,Q3_join,Q3,join,20,10,0.386654,0.391131,0.008056,0.378421,0.402894,0,0,0,79.34,2026-04-25 10:37:50
motherduck,Q5_join,Q5,join,20,1,0.423775,0.436704,0.008346,0.423775,0.452876,0,0,0,79.34,2026-04-25 10:38:40
motherduck,Q5_join,Q5,join,20,2,0.436568,0.436704,0.008346,0.423775,0.452876,0,0,0,79.34,2026-04-25 10:38:40
motherduck,Q5_join,Q5,join,20,3,0.435115,0.436704,0.008346,0.423775,0.452876,0,0,0,79.34,2026-04-25 10:38:40
motherduck,Q5_join,Q5,join,20,4,0.433691,0.436704,0.008346,0.423775,0.452876,0,0,0,79.34,2026-04-25 10:38:40
motherduck,Q5_join,Q5,join,20,5,0.431653,0.436704,0.008346,0.423775,0.452876,0,0,0,79.34,2026-04-25 10:38:40
motherduck,Q5_join,Q5,join,20,6,0.430899,0.436704,0.008346,0.423775,0.452876,0,0,0,79.34,2026-04-25 10:38:40
motherduck,Q5_join,Q5,join,20,7,0.43141,0.436704,0.008346,0.423775,0.452876,0,0,0,79.34,2026-04-25 10:38:40
motherduck,Q5_join,Q5,join,20,8,0.442945,0.436704,0.008346,0.423775,0.452876,0,0,0,79.34,2026-04-25 10:38:40
motherduck,Q5_join,Q5,join,20,9,0.44811,0.436704,0.008346,0.423775,0.452876,0,0,0,79.34,2026-04-25 10:38:40
motherduck,Q5_join,Q5,join,20,10,0.452876,0.436704,0.008346,0.423775,0.452876,0,0,0,79.34,2026-04-25 10:38:40
motherduck,Q10_join,Q10,join,20,1,0.535429,0.537242,0.008945,0.5255,0.550409,0,0,0,79.34,2026-04-25 10:39:31
motherduck,Q10_join,Q10,join,20,2,0.533388,0.537242,0.008945,0.5255,0.550409,0,0,0,79.34,2026-04-25 10:39:31
motherduck,Q10_join,Q10,join,20,3,0.550171,0.537242,0.008945,0.5255,0.550409,0,0,0,79.34,2026-04-25 10:39:31
motherduck,Q10_join,Q10,join,20,4,0.550409,0.537242,0.008945,0.5255,0.550409,0,0,0,79.34,2026-04-25 10:39:31
motherduck,Q10_join,Q10,join,20,5,0.536731,0.537242,0.008945,0.5255,0.550409,0,0,0,79.34,2026-04-25 10:39:31
motherduck,Q10_join,Q10,join,20,6,0.527252,0.537242,0.008945,0.5255,0.550409,0,0,0,79.34,2026-04-25 10:39:31
motherduck,Q10_join,Q10,join,20,7,0.549322,0.537242,0.008945,0.5255,0.550409,0,0,0,79.34,2026-04-25 10:39:31
motherduck,Q10_join,Q10,join,20,8,0.530545,0.537242,0.008945,0.5255,0.550409,0,0,0,79.34,2026-04-25 10:39:31
motherduck,Q10_join,Q10,join,20,9,0.5255,0.537242,0.008945,0.5255,0.550409,0,0,0,79.34,2026-04-25 10:39:31
motherduck,Q10_join,Q10,join,20,10,0.533676,0.537242,0.008945,0.5255,0.550409,0,0,0,79.34,2026-04-25 10:39:31
motherduck,Q1_agg,Q1,aggregation,20,1,0.503357,0.509439,0.004529,0.503357,0.516837,0,0,0,79.34,2026-04-25 10:40:22
motherduck,Q1_agg,Q1,aggregation,20,2,0.504257,0.509439,0.004529,0.503357,0.516837,0,0,0,79.34,2026-04-25 10:40:22
motherduck,Q1_agg,Q1,aggregation,20,3,0.506749,0.509439,0.004529,0.503357,0.516837,0,0,0,79.34,2026-04-25 10:40:22
motherduck,Q1_agg,Q1,aggregation,20,4,0.509066,0.509439,0.004529,0.503357,0.516837,0,0,0,79.34,2026-04-25 10:40:22
motherduck,Q1_agg,Q1,aggregation,20,5,0.506664,0.509439,0.004529,0.503357,0.516837,0,0,0,79.34,2026-04-25 10:40:22
motherduck,Q1_agg,Q1,aggregation,20,6,0.507336,0.509439,0.004529,0.503357,0.516837,0,0,0,79.34,2026-04-25 10:40:22
motherduck,Q1_agg,Q1,aggregation,20,7,0.510109,0.509439,0.004529,0.503357,0.516837,0,0,0,79.34,2026-04-25 10:40:22
motherduck,Q1_agg,Q1,aggregation,20,8,0.513487,0.509439,0.004529,0.503357,0.516837,0,0,0,79.34,2026-04-25 10:40:22
motherduck,Q1_agg,Q1,aggregation,20,9,0.516526,0.509439,0.004529,0.503357,0.516837,0,0,0,79.34,2026-04-25 10:40:22
motherduck,Q1_agg,Q1,aggregation,20,10,0.516837,0.509439,0.004529,0.503357,0.516837,0,0,0,79.34,2026-04-25 10:40:22
motherduck,Q4_agg,Q4,aggregation,20,1,0.344095,0.357868,0.009296,0.344095,0.377926,0,0,0,79.34,2026-04-25 10:41:11
motherduck,Q4_agg,Q4,aggregation,20,2,0.34827,0.357868,0.009296,0.344095,0.377926,0,0,0,79.34,2026-04-25 10:41:11
motherduck,Q4_agg,Q4,aggregation,20,3,0.348446,0.357868,0.009296,0.344095,0.377926,0,0,0,79.34,2026-04-25 10:41:11
motherduck,Q4_agg,Q4,aggregation,20,4,0.357537,0.357868,0.009296,0.344095,0.377926,0,0,0,79.34,2026-04-25 10:41:11
motherduck,Q4_agg,Q4,aggregation,20,5,0.357076,0.357868,0.009296,0.344095,0.377926,0,0,0,79.34,2026-04-25 10:41:11
motherduck,Q4_agg,Q4,aggregation,20,6,0.377926,0.357868,0.009296,0.344095,0.377926,0,0,0,79.34,2026-04-25 10:41:11
motherduck,Q4_agg,Q4,aggregation,20,7,0.361546,0.357868,0.009296,0.344095,0.377926,0,0,0,79.34,2026-04-25 10:41:11
motherduck,Q4_agg,Q4,aggregation,20,8,0.356076,0.357868,0.009296,0.344095,0.377926,0,0,0,79.34,2026-04-25 10:41:11
motherduck,Q4_agg,Q4,aggregation,20,9,0.362849,0.357868,0.009296,0.344095,0.377926,0,0,0,79.34,2026-04-25 10:41:11
motherduck,Q4_agg,Q4,aggregation,20,10,0.36486,0.357868,0.009296,0.344095,0.377926,0,0,0,79.34,2026-04-25 10:41:11
motherduck,Q7_agg,Q7,aggregation,20,1,0.370077,0.374015,0.00543,0.36822,0.38204,0,0,0,79.34,2026-04-25 10:42:00
motherduck,Q7_agg,Q7,aggregation,20,2,0.37712,0.374015,0.00543,0.36822,0.38204,0,0,0,79.34,2026-04-25 10:42:00
motherduck,Q7_agg,Q7,aggregation,20,3,0.38204,0.374015,0.00543,0.36822,0.38204,0,0,0,79.34,2026-04-25 10:42:00
motherduck,Q7_agg,Q7,aggregation,20,4,0.36822,0.374015,0.00543,0.36822,0.38204,0,0,0,79.34,2026-04-25 10:42:00
motherduck,Q7_agg,Q7,aggregation,20,5,0.369701,0.374015,0.00543,0.36822,0.38204,0,0,0,79.34,2026-04-25 10:42:00
motherduck,Q7_agg,Q7,aggregation,20,6,0.380786,0.374015,0.00543,0.36822,0.38204,0,0,0,79.34,2026-04-25 10:42:00
motherduck,Q7_agg,Q7,aggregation,20,7,0.38172,0.374015,0.00543,0.36822,0.38204,0,0,0,79.34,2026-04-25 10:42:00
motherduck,Q7_agg,Q7,aggregation,20,8,0.370334,0.374015,0.00543,0.36822,0.38204,0,0,0,79.34,2026-04-25 10:42:00
motherduck,Q7_agg,Q7,aggregation,20,9,0.371367,0.374015,0.00543,0.36822,0.38204,0,0,0,79.34,2026-04-25 10:42:00
motherduck,Q7_agg,Q7,aggregation,20,10,0.368782,0.374015,0.00543,0.36822,0.38204,0,0,0,79.34,2026-04-25 10:42:00
motherduck,Q17_subquery,Q17,subquery,20,1,0.385974,0.389229,0.00839,0.378487,0.401194,0,0,0,79.34,2026-04-25 10:42:49
motherduck,Q17_subquery,Q17,subquery,20,2,0.380217,0.389229,0.00839,0.378487,0.401194,0,0,0,79.34,2026-04-25 10:42:49
motherduck,Q17_subquery,Q17,subquery,20,3,0.385377,0.389229,0.00839,0.378487,0.401194,0,0,0,79.34,2026-04-25 10:42:49
motherduck,Q17_subquery,Q17,subquery,20,4,0.401194,0.389229,0.00839,0.378487,0.401194,0,0,0,79.34,2026-04-25 10:42:49
motherduck,Q17_subquery,Q17,subquery,20,5,0.385693,0.389229,0.00839,0.378487,0.401194,0,0,0,79.34,2026-04-25 10:42:49
motherduck,Q17_subquery,Q17,subquery,20,6,0.378487,0.389229,0.00839,0.378487,0.401194,0,0,0,79.34,2026-04-25 10:42:49
motherduck,Q17_subquery,Q17,subquery,20,7,0.380423,0.389229,0.00839,0.378487,0.401194,0,0,0,79.34,2026-04-25 10:42:49
motherduck,Q17_subquery,Q17,subquery,20,8,0.397465,0.389229,0.00839,0.378487,0.401194,0,0,0,79.34,2026-04-25 10:42:49
motherduck,Q17_subquery,Q17,subquery,20,9,0.399124,0.389229,0.00839,0.378487,0.401194,0,0,0,79.34,2026-04-25 10:42:49
motherduck,Q17_subquery,Q17,subquery,20,10,0.398336,0.389229,0.00839,0.378487,0.401194,0,0,0,79.34,2026-04-25 10:42:49
motherduck,Q20_subquery,Q20,subquery,20,1,0.559152,0.924561,0.122237,0.559152,0.989274,0,0,0,79.34,2026-04-25 10:43:44
motherduck,Q20_subquery,Q20,subquery,20,2,0.955026,0.924561,0.122237,0.559152,0.989274,0,0,0,79.34,2026-04-25 10:43:44
motherduck,Q20_subquery,Q20,subquery,20,3,0.956711,0.924561,0.122237,0.559152,0.989274,0,0,0,79.34,2026-04-25 10:43:44
motherduck,Q20_subquery,Q20,subquery,20,4,0.955262,0.924561,0.122237,0.559152,0.989274,0,0,0,79.34,2026-04-25 10:43:44
motherduck,Q20_subquery,Q20,subquery,20,5,0.956683,0.924561,0.122237,0.559152,0.989274,0,0,0,79.34,2026-04-25 10:43:44
motherduck,Q20_subquery,Q20,subquery,20,6,0.967303,0.924561,0.122237,0.559152,0.989274,0,0,0,79.34,2026-04-25 10:43:44
motherduck,Q20_subquery,Q20,subquery,20,7,0.965866,0.924561,0.122237,0.559152,0.989274,0,0,0,79.34,2026-04-25 10:43:44
motherduck,Q20_subquery,Q20,subquery,20,8,0.963916,0.924561,0.122237,0.559152,0.989274,0,0,0,79.34,2026-04-25 10:43:44
motherduck,Q20_subquery,Q20,subquery,20,9,0.989274,0.924561,0.122237,0.559152,0.989274,0,0,0,79.34,2026-04-25 10:43:44
motherduck,Q20_subquery,Q20,subquery,20,10,0.976413,0.924561,0.122237,0.559152,0.989274,0,0,0,79.34,2026-04-25 10:43:44
motherduck,Q22_subquery,Q22,subquery,20,1,0.360265,0.368388,0.004709,0.360265,0.377767,0,0,0,79.34,2026-04-25 10:44:33
motherduck,Q22_subquery,Q22,subquery,20,2,0.366639,0.368388,0.004709,0.360265,0.377767,0,0,0,79.34,2026-04-25 10:44:33
motherduck,Q22_subquery,Q22,subquery,20,3,0.37003,0.368388,0.004709,0.360265,0.377767,0,0,0,79.34,2026-04-25 10:44:33
motherduck,Q22_subquery,Q22,subquery,20,4,0.374499,0.368388,0.004709,0.360265,0.377767,0,0,0,79.34,2026-04-25 10:44:33
motherduck,Q22_subquery,Q22,subquery,20,5,0.366427,0.368388,0.004709,0.360265,0.377767,0,0,0,79.34,2026-04-25 10:44:33
motherduck,Q22_subquery,Q22,subquery,20,6,0.365933,0.368388,0.004709,0.360265,0.377767,0,0,0,79.34,2026-04-25 10:44:33
motherduck,Q22_subquery,Q22,subquery,20,7,0.368633,0.368388,0.004709,0.360265,0.377767,0,0,0,79.34,2026-04-25 10:44:33
motherduck,Q22_subquery,Q22,subquery,20,8,0.369075,0.368388,0.004709,0.360265,0.377767,0,0,0,79.34,2026-04-25 10:44:33
motherduck,Q22_subquery,Q22,subquery,20,9,0.377767,0.368388,0.004709,0.360265,0.377767,0,0,0,79.34,2026-04-25 10:44:33
motherduck,Q22_subquery,Q22,subquery,20,10,0.36461,0.368388,0.004709,0.360265,0.377767,0,0,0,79.34,2026-04-25 10:44:33
motherduck,Q10_window,Q10-W,window_function,20,1,0.489587,0.498662,0.007567,0.489179,0.512171,0,0,0,79.34,2026-04-25 10:45:24
motherduck,Q10_window,Q10-W,window_function,20,2,0.489179,0.498662,0.007567,0.489179,0.512171,0,0,0,79.34,2026-04-25 10:45:24
motherduck,Q10_window,Q10-W,window_function,20,3,0.497876,0.498662,0.007567,0.489179,0.512171,0,0,0,79.34,2026-04-25 10:45:24
motherduck,Q10_window,Q10-W,window_function,20,4,0.492469,0.498662,0.007567,0.489179,0.512171,0,0,0,79.34,2026-04-25 10:45:24
motherduck,Q10_window,Q10-W,window_function,20,5,0.498588,0.498662,0.007567,0.489179,0.512171,0,0,0,79.34,2026-04-25 10:45:24
motherduck,Q10_window,Q10-W,window_function,20,6,0.512171,0.498662,0.007567,0.489179,0.512171,0,0,0,79.34,2026-04-25 10:45:24
motherduck,Q10_window,Q10-W,window_function,20,7,0.497336,0.498662,0.007567,0.489179,0.512171,0,0,0,79.34,2026-04-25 10:45:24
motherduck,Q10_window,Q10-W,window_function,20,8,0.511158,0.498662,0.007567,0.489179,0.512171,0,0,0,79.34,2026-04-25 10:45:24
motherduck,Q10_window,Q10-W,window_function,20,9,0.502327,0.498662,0.007567,0.489179,0.512171,0,0,0,79.34,2026-04-25 10:45:24
motherduck,Q10_window,Q10-W,window_function,20,10,0.495926,0.498662,0.007567,0.489179,0.512171,0,0,0,79.34,2026-04-25 10:45:24
motherduck,Q1_window,Q1-W,window_function,20,1,0.393965,0.384034,0.007443,0.370241,0.393965,0,0,0,79.34,2026-04-25 10:46:13
motherduck,Q1_window,Q1-W,window_function,20,2,0.386518,0.384034,0.007443,0.370241,0.393965,0,0,0,79.34,2026-04-25 10:46:13
motherduck,Q1_window,Q1-W,window_function,20,3,0.387544,0.384034,0.007443,0.370241,0.393965,0,0,0,79.34,2026-04-25 10:46:13
motherduck,Q1_window,Q1-W,window_function,20,4,0.389719,0.384034,0.007443,0.370241,0.393965,0,0,0,79.34,2026-04-25 10:46:13
motherduck,Q1_window,Q1-W,window_function,20,5,0.393344,0.384034,0.007443,0.370241,0.393965,0,0,0,79.34,2026-04-25 10:46:13
motherduck,Q1_window,Q1-W,window_function,20,6,0.376534,0.384034,0.007443,0.370241,0.393965,0,0,0,79.34,2026-04-25 10:46:13
motherduck,Q1_window,Q1-W,window_function,20,7,0.370241,0.384034,0.007443,0.370241,0.393965,0,0,0,79.34,2026-04-25 10:46:13
motherduck,Q1_window,Q1-W,window_function,20,8,0.383732,0.384034,0.007443,0.370241,0.393965,0,0,0,79.34,2026-04-25 10:46:13
motherduck,Q1_window,Q1-W,window_function,20,9,0.383098,0.384034,0.007443,0.370241,0.393965,0,0,0,79.34,2026-04-25 10:46:13
motherduck,Q1_window,Q1-W,window_function,20,10,0.375642,0.384034,0.007443,0.370241,0.393965,0,0,0,79.34,2026-04-25 10:46:13
motherduck,Q18_window,Q18-W,window_function,20,1,2.164235,1.92137,0.110115,1.828548,2.164235,0,0,0,79.34,2026-04-25 10:47:19
motherduck,Q18_window,Q18-W,window_function,20,2,1.989513,1.92137,0.110115,1.828548,2.164235,0,0,0,79.34,2026-04-25 10:47:19
motherduck,Q18_window,Q18-W,window_function,20,3,2.055743,1.92137,0.110115,1.828548,2.164235,0,0,0,79.34,2026-04-25 10:47:19
motherduck,Q18_window,Q18-W,window_function,20,4,1.954345,1.92137,0.110115,1.828548,2.164235,0,0,0,79.34,2026-04-25 10:47:19
motherduck,Q18_window,Q18-W,window_function,20,5,1.836764,1.92137,0.110115,1.828548,2.164235,0,0,0,79.34,2026-04-25 10:47:19
motherduck,Q18_window,Q18-W,window_function,20,6,1.84307,1.92137,0.110115,1.828548,2.164235,0,0,0,79.34,2026-04-25 10:47:19
motherduck,Q18_window,Q18-W,window_function,20,7,1.848052,1.92137,0.110115,1.828548,2.164235,0,0,0,79.34,2026-04-25 10:47:19
motherduck,Q18_window,Q18-W,window_function,20,8,1.841388,1.92137,0.110115,1.828548,2.164235,0,0,0,79.34,2026-04-25 10:47:19
motherduck,Q18_window,Q18-W,window_function,20,9,1.852045,1.92137,0.110115,1.828548,2.164235,0,0,0,79.34,2026-04-25 10:47:19
motherduck,Q18_window,Q18-W,window_function,20,10,1.828548,1.92137,0.110115,1.828548,2.164235,0,0,0,79.34,2026-04-25 10:47:19
